지점,지점명,TIME,기온(°C),풍속(m/s)
138,포항,20-1-13 15:00,6.2,4.8
138,포항,20-1-13 16:00,5.9,3
138,포항,20-1-13 17:00,4.9,2.9
138,포항,20-1-13 18:00,3.5,2.3
138,포항,20-1-13 19:00,2.9,2.2
138,포항,20-1-13 20:00,2.3,2.7
138,포항,20-1-13 21:00,2,3.6
138,포항,20-1-13 22:00,1.4,1.1
138,포항,20-1-13 23:00,0.7,1.6
138,포항,20-1-14 0:00,0.4,3.5
138,포항,20-1-14 1:00,0.2,4.9
138,포항,20-1-14 2:00,-0.2,4.2
138,포항,20-1-14 3:00,-0.4,4.4
138,포항,20-1-14 4:00,-0.4,2.9
138,포항,20-1-14 5:00,-0.4,2.2
138,포항,20-1-14 6:00,-0.6,3.3
138,포항,20-1-14 7:00,-0.6,3.7
138,포항,20-1-14 8:00,-0.5,2.3
138,포항,20-1-14 9:00,0.1,3.1
138,포항,20-1-14 10:00,0.7,3
138,포항,20-1-14 11:00,2.1,1.9
138,포항,20-1-14 12:00,3.2,3.2
138,포항,20-1-14 13:00,4.9,2.8
138,포항,20-1-14 14:00,6.3,1
138,포항,20-1-14 15:00,6.5,1.8
138,포항,20-1-14 16:00,7,1.5
138,포항,20-1-14 17:00,5.9,1.7
138,포항,20-1-14 18:00,4.4,1.3
138,포항,20-1-14 19:00,2.9,0.6
138,포항,20-1-14 20:00,2.5,1.1
138,포항,20-1-14 21:00,2.2,2.3
138,포항,20-1-14 22:00,1.7,1.9
138,포항,20-1-14 23:00,0.5,0.6
138,포항,20-1-15 0:00,0.4,1.6
138,포항,20-1-15 1:00,0.3,2.8
138,포항,20-1-15 2:00,0.2,2.6
138,포항,20-1-15 3:00,-0.5,1.4
138,포항,20-1-15 4:00,-0.7,2
138,포항,20-1-15 5:00,-1,2.7
138,포항,20-1-15 6:00,-1.5,2.3
138,포항,20-1-15 7:00,-1.5,2.2
138,포항,20-1-15 8:00,-1.5,2.1
138,포항,20-1-15 9:00,0,2.4
138,포항,20-1-15 10:00,1.5,4.6
138,포항,20-1-15 11:00,3,3.9
138,포항,20-1-15 12:00,4,3.7
138,포항,20-1-15 13:00,5.1,4.5
138,포항,20-1-15 14:00,5.9,3.7
138,포항,20-1-15 15:00,6.3,3.5
138,포항,20-1-15 16:00,6.2,3.6
138,포항,20-1-15 17:00,5,2.9
138,포항,20-1-15 18:00,3.7,2.4
138,포항,20-1-15 19:00,2.9,2.6
138,포항,20-1-15 20:00,2.2,2.4
138,포항,20-1-15 21:00,1.5,2.5
138,포항,20-1-15 22:00,0.9,2.4
138,포항,20-1-15 23:00,0.3,3.6
138,포항,20-1-16 0:00,0.2,2.5
138,포항,20-1-16 1:00,-0.5,2.2
138,포항,20-1-16 2:00,-0.8,2.8
138,포항,20-1-16 3:00,-1.1,3.1
138,포항,20-1-16 4:00,-1.3,2.7
138,포항,20-1-16 5:00,-1.4,3.2
138,포항,20-1-16 6:00,-1.7,2.7
138,포항,20-1-16 7:00,-1.4,3.6
138,포항,20-1-16 8:00,-1.3,3.2
138,포항,20-1-16 9:00,-0.6,3.2
138,포항,20-1-16 10:00,1.2,2.9
138,포항,20-1-16 11:00,2.3,3.8
138,포항,20-1-16 12:00,3.9,3.1
138,포항,20-1-16 13:00,5,3.6
138,포항,20-1-16 14:00,6.7,3.3
138,포항,20-1-16 15:00,7.3,3.5
138,포항,20-1-16 16:00,7.6,2.4
138,포항,20-1-16 17:00,6.6,2.2
138,포항,20-1-16 18:00,5,2.6
138,포항,20-1-16 19:00,4,1.8
138,포항,20-1-16 20:00,3.1,1.2
138,포항,20-1-16 21:00,2.4,1.4
138,포항,20-1-16 22:00,2,1.7
138,포항,20-1-16 23:00,1.7,2.3
138,포항,20-1-17 0:00,1.2,2.1
138,포항,20-1-17 1:00,1,1.7
138,포항,20-1-17 2:00,1.3,1.7
138,포항,20-1-17 3:00,1.1,1.8
138,포항,20-1-17 4:00,1,2.2
138,포항,20-1-17 5:00,1,2.3
138,포항,20-1-17 6:00,1,2.4
138,포항,20-1-17 7:00,0.9,2.2
138,포항,20-1-17 8:00,0.9,2.2
138,포항,20-1-17 9:00,1.5,2.8
138,포항,20-1-17 10:00,2.6,2.7
138,포항,20-1-17 11:00,4.5,2.5
138,포항,20-1-17 12:00,5.3,2.5
138,포항,20-1-17 13:00,7.2,1.8
138,포항,20-1-17 14:00,9.4,0.6
138,포항,20-1-17 15:00,9.3,2
138,포항,20-1-17 16:00,9.3,2
138,포항,20-1-17 17:00,8.5,1.7
138,포항,20-1-17 18:00,7,1.1
138,포항,20-1-17 19:00,6,1.8
138,포항,20-1-17 20:00,5.7,1.8
138,포항,20-1-17 21:00,5.6,1.2
138,포항,20-1-17 22:00,5.6,1.4
138,포항,20-1-17 23:00,5.1,1
138,포항,20-1-18 0:00,4.9,1.6
138,포항,20-1-18 1:00,4.5,2.2
138,포항,20-1-18 2:00,4.1,1.4
138,포항,20-1-18 3:00,3.5,2.6
138,포항,20-1-18 4:00,3.6,1.8
138,포항,20-1-18 5:00,3.5,2.1
138,포항,20-1-18 6:00,3.4,2.9
138,포항,20-1-18 7:00,3.2,2.3
138,포항,20-1-18 8:00,2.7,2.4
138,포항,20-1-18 9:00,2.6,2.9
138,포항,20-1-18 10:00,3,2.9
138,포항,20-1-18 11:00,4.2,3.1
138,포항,20-1-18 12:00,5.2,2.4
138,포항,20-1-18 13:00,6.5,1.8
138,포항,20-1-18 14:00,7.5,1.8
138,포항,20-1-18 15:00,7.6,1.6
138,포항,20-1-18 16:00,7.8,1.7
138,포항,20-1-18 17:00,7.6,1.2
138,포항,20-1-18 18:00,7.1,1.7
138,포항,20-1-18 19:00,6.2,0.7
138,포항,20-1-18 20:00,5.6,1
138,포항,20-1-18 21:00,4.7,1.6
138,포항,20-1-18 22:00,3.8,1.9
138,포항,20-1-18 23:00,2.9,1.6
138,포항,20-1-19 0:00,2.3,1.8
138,포항,20-1-19 1:00,1.6,1.8
138,포항,20-1-19 2:00,1.3,2.1
138,포항,20-1-19 3:00,1.4,1.9
138,포항,20-1-19 4:00,1.6,1.8
138,포항,20-1-19 5:00,1.8,2.2
138,포항,20-1-19 6:00,2,2.6
138,포항,20-1-19 7:00,2.1,3.1
138,포항,20-1-19 8:00,2.1,3.3
138,포항,20-1-19 9:00,2.5,3.4
138,포항,20-1-19 10:00,3.2,3.3
138,포항,20-1-19 11:00,4.3,2.2
138,포항,20-1-19 12:00,6,3
138,포항,20-1-19 13:00,8,4.3
138,포항,20-1-19 14:00,9.2,3.1
138,포항,20-1-19 15:00,8.3,3.5
138,포항,20-1-19 16:00,8.8,2.9
138,포항,20-1-19 17:00,8.4,4.6
138,포항,20-1-19 18:00,7.6,2.8
138,포항,20-1-19 19:00,7.2,3.7
138,포항,20-1-19 20:00,6.3,1.8
138,포항,20-1-19 21:00,5.3,1.2
138,포항,20-1-19 22:00,5,2.3
138,포항,20-1-19 23:00,4.7,2.1
138,포항,20-1-20 0:00,4.2,2.3
138,포항,20-1-20 1:00,4,2.5
138,포항,20-1-20 2:00,3.7,1.2
138,포항,20-1-20 3:00,3.2,2.1
138,포항,20-1-20 4:00,3.1,2.6
138,포항,20-1-20 5:00,2.9,2
138,포항,20-1-20 6:00,2.4,0.9
138,포항,20-1-20 7:00,2.8,1.5
138,포항,20-1-20 8:00,2.7,2.3
138,포항,20-1-20 9:00,3.5,1.6
138,포항,20-1-20 10:00,5.4,2.8
138,포항,20-1-20 11:00,6.9,1.9
138,포항,20-1-20 12:00,7.3,4.4
138,포항,20-1-20 13:00,8.2,3.4
138,포항,20-1-20 14:00,8.1,5.7
138,포항,20-1-20 15:00,8.5,4.4
138,포항,20-1-20 16:00,8.2,3.9
138,포항,20-1-20 17:00,7.2,3.3
138,포항,20-1-20 18:00,5.9,1.3
138,포항,20-1-20 19:00,5.1,1.9
138,포항,20-1-20 20:00,4.6,1.4
138,포항,20-1-20 21:00,4.5,2.3
138,포항,20-1-20 22:00,4.4,2.3
138,포항,20-1-20 23:00,3.6,2.1
138,포항,20-1-21 0:00,3.1,3.1
138,포항,20-1-21 1:00,2.4,2.6
138,포항,20-1-21 2:00,1.8,2.6
138,포항,20-1-21 3:00,1.1,1.9
138,포항,20-1-21 4:00,0.4,2.2
138,포항,20-1-21 5:00,-0.2,1.8
138,포항,20-1-21 6:00,-0.6,2.4
138,포항,20-1-21 7:00,-0.9,2.9
138,포항,20-1-21 8:00,-1.3,2.6
138,포항,20-1-21 9:00,0,2.8
138,포항,20-1-21 10:00,2.1,2.8
138,포항,20-1-21 11:00,4.1,2.3
138,포항,20-1-21 12:00,5.9,1.5
138,포항,20-1-21 13:00,7.1,1.4
138,포항,20-1-21 14:00,7.5,2.5
138,포항,20-1-21 15:00,8.1,0.9
138,포항,20-1-21 16:00,7.2,3.2
138,포항,20-1-21 17:00,7.1,2.1
138,포항,20-1-21 18:00,6.3,2.9
138,포항,20-1-21 19:00,6.2,2.8
138,포항,20-1-21 20:00,5,2
138,포항,20-1-21 21:00,4.3,2.1
138,포항,20-1-21 22:00,4,2.4
138,포항,20-1-21 23:00,3.8,2.6
138,포항,20-1-22 0:00,3.7,2.4
138,포항,20-1-22 1:00,3.4,1.7
138,포항,20-1-22 2:00,3.3,2
138,포항,20-1-22 3:00,3.5,1.5
138,포항,20-1-22 4:00,3.7,2
138,포항,20-1-22 5:00,3.5,2.2
138,포항,20-1-22 6:00,3.4,1.3
138,포항,20-1-22 7:00,3.6,1.7
138,포항,20-1-22 8:00,3.7,2
138,포항,20-1-22 9:00,4.2,2
138,포항,20-1-22 10:00,4.7,1.5
138,포항,20-1-22 11:00,5.6,2
138,포항,20-1-22 12:00,7.3,1.7
138,포항,20-1-22 13:00,8.3,1.4
138,포항,20-1-22 14:00,8.6,1.4
138,포항,20-1-22 15:00,8.7,1.2
138,포항,20-1-22 16:00,8.2,0.7
138,포항,20-1-22 17:00,7.9,1.2
138,포항,20-1-22 18:00,7.5,1
138,포항,20-1-22 19:00,7.4,0.9
138,포항,20-1-22 20:00,7,0.7
138,포항,20-1-22 21:00,6.9,0.8
138,포항,20-1-22 22:00,6.7,0.4
138,포항,20-1-22 23:00,6.4,1.5
138,포항,20-1-23 0:00,6.5,1
138,포항,20-1-23 1:00,6.6,0.1
138,포항,20-1-23 2:00,6.8,0.6
138,포항,20-1-23 3:00,7.2,1.5
138,포항,20-1-23 4:00,7.3,1.7
138,포항,20-1-23 5:00,7.3,1.2
138,포항,20-1-23 6:00,7.4,1.9
138,포항,20-1-23 7:00,7.2,1.5
138,포항,20-1-23 8:00,7.1,1.3
138,포항,20-1-23 9:00,7.3,1.5
138,포항,20-1-23 10:00,7.4,1.4
138,포항,20-1-23 11:00,7.8,1.7
138,포항,20-1-23 12:00,8.4,1.3
138,포항,20-1-23 13:00,8.8,1.6
138,포항,20-1-23 14:00,9.1,1.2
138,포항,20-1-23 15:00,9.6,0.6
138,포항,20-1-23 16:00,10.1,1
138,포항,20-1-23 17:00,10.1,1
138,포항,20-1-23 18:00,9.4,1.2
138,포항,20-1-23 19:00,8.8,1.8
138,포항,20-1-23 20:00,7.9,1.6
138,포항,20-1-23 21:00,7.5,1.8
138,포항,20-1-23 22:00,7,2.2
138,포항,20-1-23 23:00,6.9,2.7
138,포항,20-1-24 0:00,6.7,1.9
138,포항,20-1-24 1:00,6.3,2.5
138,포항,20-1-24 2:00,5.8,2.6
138,포항,20-1-24 3:00,5.5,2.3
138,포항,20-1-24 4:00,5,2.4
138,포항,20-1-24 5:00,4.7,2
138,포항,20-1-24 6:00,4.5,2
138,포항,20-1-24 7:00,4.2,1.2
138,포항,20-1-24 8:00,4.1,1.4
138,포항,20-1-24 9:00,4.8,1.4
138,포항,20-1-24 10:00,7.2,1.2
138,포항,20-1-24 11:00,10.1,3.2
138,포항,20-1-24 12:00,10.9,4
138,포항,20-1-24 13:00,12.4,3
138,포항,20-1-24 14:00,11.1,5.3
138,포항,20-1-24 15:00,9.7,3.4
138,포항,20-1-24 16:00,8.9,2.9
138,포항,20-1-24 17:00,8.2,1.9
138,포항,20-1-24 18:00,8.6,3
138,포항,20-1-24 19:00,8.4,5
138,포항,20-1-24 20:00,8.2,2.8
138,포항,20-1-24 21:00,8.1,3.9
138,포항,20-1-24 22:00,7.9,3.3
138,포항,20-1-24 23:00,8,3.2
138,포항,20-1-25 0:00,8.3,3.3
138,포항,20-1-25 1:00,8.4,4.4
138,포항,20-1-25 2:00,8.4,3.9
138,포항,20-1-25 3:00,8.4,3.4
138,포항,20-1-25 4:00,8.3,3.8
138,포항,20-1-25 5:00,7.9,3
138,포항,20-1-25 6:00,7.9,3.1
138,포항,20-1-25 7:00,7.8,3.2
138,포항,20-1-25 8:00,7.8,2.4
138,포항,20-1-25 9:00,7.8,2.1
138,포항,20-1-25 10:00,8.4,1.8
138,포항,20-1-25 11:00,9.2,2.4
138,포항,20-1-25 12:00,9.5,2.3
138,포항,20-1-25 13:00,9.6,2.8
138,포항,20-1-25 14:00,9.7,2.1
138,포항,20-1-25 15:00,9.7,2
138,포항,20-1-25 16:00,9.5,2.4
138,포항,20-1-25 17:00,9.2,2.6
138,포항,20-1-25 18:00,9,2.4
138,포항,20-1-25 19:00,8.9,1.9
138,포항,20-1-25 20:00,8.9,2
138,포항,20-1-25 21:00,8.6,1.2
138,포항,20-1-25 22:00,7.6,1
138,포항,20-1-25 23:00,7.3,1
138,포항,20-1-26 0:00,7.1,0.8
138,포항,20-1-26 1:00,6.8,0.8
138,포항,20-1-26 2:00,6.3,0.3
138,포항,20-1-26 3:00,5.9,0.9
138,포항,20-1-26 4:00,5.5,0.9
138,포항,20-1-26 5:00,5.5,0.7
138,포항,20-1-26 6:00,5.1,1
138,포항,20-1-26 7:00,4.9,0.8
138,포항,20-1-26 8:00,6.4,1.6
138,포항,20-1-26 9:00,7.8,2.8
138,포항,20-1-26 10:00,8.3,2.7
138,포항,20-1-26 11:00,8.4,2.4
138,포항,20-1-26 12:00,9.5,5.1
138,포항,20-1-26 13:00,10,5.9
138,포항,20-1-26 14:00,9.3,4.7
138,포항,20-1-26 15:00,9.5,4.6
138,포항,20-1-26 16:00,9.3,4.9
138,포항,20-1-26 17:00,9.1,3.7
138,포항,20-1-26 18:00,9.7,5.7
138,포항,20-1-26 19:00,9.4,5.6
138,포항,20-1-26 20:00,9.5,9
138,포항,20-1-26 21:00,9.4,8.7
138,포항,20-1-26 22:00,9.6,9
138,포항,20-1-26 23:00,9.8,10.3
138,포항,20-1-27 0:00,9.4,9.7
138,포항,20-1-27 1:00,8.7,9.8
138,포항,20-1-27 2:00,8.6,8.5
138,포항,20-1-27 3:00,9,8.1
138,포항,20-1-27 4:00,8.9,9.4
138,포항,20-1-27 5:00,9.3,8.8
138,포항,20-1-27 6:00,9.7,8.8
138,포항,20-1-27 7:00,9.6,8.8
138,포항,20-1-27 8:00,9.3,7.9
138,포항,20-1-27 9:00,9,9.6
138,포항,20-1-27 10:00,8.9,10.5
138,포항,20-1-27 11:00,8.7,10.9
138,포항,20-1-27 12:00,8.4,9.6
138,포항,20-1-27 13:00,8.1,10.9
138,포항,20-1-27 14:00,7.7,10.9
138,포항,20-1-27 15:00,7.6,11.6
138,포항,20-1-27 16:00,7.4,9
138,포항,20-1-27 17:00,7.6,9.4
138,포항,20-1-27 18:00,7.4,11.9
138,포항,20-1-27 19:00,7.9,10.4
138,포항,20-1-27 20:00,7.8,7.7
138,포항,20-1-27 21:00,8.1,10.8
138,포항,20-1-27 22:00,7.8,5.7
138,포항,20-1-27 23:00,8,8.2
138,포항,20-1-28 0:00,8.4,8.1
138,포항,20-1-28 1:00,8.2,5.6
138,포항,20-1-28 2:00,7.9,5.8
138,포항,20-1-28 3:00,8.1,5.8
138,포항,20-1-28 4:00,8.1,6.7
138,포항,20-1-28 5:00,8.2,5.8
138,포항,20-1-28 6:00,8.4,6.3
138,포항,20-1-28 7:00,8.2,5.8
138,포항,20-1-28 8:00,8.3,6.4
138,포항,20-1-28 9:00,7.8,2.9
138,포항,20-1-28 10:00,7.6,2.9
138,포항,20-1-28 11:00,7.4,2.8
138,포항,20-1-28 12:00,7.7,3.3
138,포항,20-1-28 13:00,8.2,3.9
138,포항,20-1-28 14:00,8.6,3.3
138,포항,20-1-28 15:00,9.2,4.3
138,포항,20-1-28 16:00,9.1,3.9
138,포항,20-1-28 17:00,8.8,3.8
138,포항,20-1-28 18:00,8.2,3.7
138,포항,20-1-28 19:00,8.3,3.7
138,포항,20-1-28 20:00,8,2.2
138,포항,20-1-28 21:00,7.3,1.6
138,포항,20-1-28 22:00,6.7,1.3
138,포항,20-1-28 23:00,6.7,1.8
138,포항,20-1-29 0:00,6,1.4
138,포항,20-1-29 1:00,5.4,0.9
138,포항,20-1-29 2:00,5.2,1
138,포항,20-1-29 3:00,5.2,1.1
138,포항,20-1-29 4:00,5.2,1.2
138,포항,20-1-29 5:00,5,1.2
138,포항,20-1-29 6:00,4.9,1
138,포항,20-1-29 7:00,5.4,1
138,포항,20-1-29 8:00,6.2,1.4
138,포항,20-1-29 9:00,6.7,1.8
138,포항,20-1-29 10:00,7.6,2.2
138,포항,20-1-29 11:00,9.1,2.7
138,포항,20-1-29 12:00,10.2,4.5
138,포항,20-1-29 13:00,10.5,4.3
138,포항,20-1-29 14:00,9.5,4.2
138,포항,20-1-29 15:00,9.1,3.8
138,포항,20-1-29 16:00,8.7,2.9
138,포항,20-1-29 17:00,7.8,3.2
138,포항,20-1-29 18:00,7.5,2.8
138,포항,20-1-29 19:00,7.5,2
138,포항,20-1-29 20:00,7.5,2
138,포항,20-1-29 21:00,7.1,2.2
138,포항,20-1-29 22:00,6.8,2.3
138,포항,20-1-29 23:00,6.3,2.3
138,포항,20-1-30 0:00,5.9,2.5
138,포항,20-1-30 1:00,5.8,2.2
138,포항,20-1-30 2:00,5.9,2.2
138,포항,20-1-30 3:00,6,2.2
138,포항,20-1-30 4:00,6.1,3.1
138,포항,20-1-30 5:00,5.8,2.1
138,포항,20-1-30 6:00,5.5,2.6
138,포항,20-1-30 7:00,4.9,2.3
138,포항,20-1-30 8:00,4.3,1.2
138,포항,20-1-30 9:00,5.4,1
138,포항,20-1-30 10:00,6.2,3.1
138,포항,20-1-30 11:00,6.9,2.5
138,포항,20-1-30 12:00,7.4,3.8
138,포항,20-1-30 13:00,7.8,3.6
138,포항,20-1-30 14:00,8.1,2.8
138,포항,20-1-30 15:00,7.6,3.6
138,포항,20-1-30 16:00,7.3,3.9
138,포항,20-1-30 17:00,6.8,3.5
138,포항,20-1-30 18:00,5.8,3.6
138,포항,20-1-30 19:00,5.5,3.2
138,포항,20-1-30 20:00,5.2,2.8
138,포항,20-1-30 21:00,4.7,2.4
138,포항,20-1-30 22:00,4.7,2
138,포항,20-1-30 23:00,4.7,2
138,포항,20-1-31 0:00,4.4,2.7
138,포항,20-1-31 1:00,4.2,1.4
138,포항,20-1-31 2:00,4.2,1.7
138,포항,20-1-31 3:00,4.1,1.1
138,포항,20-1-31 4:00,4,1.2
138,포항,20-1-31 5:00,3.9,0.9
138,포항,20-1-31 6:00,3.9,0.9
138,포항,20-1-31 7:00,3.8,1.2
138,포항,20-1-31 8:00,3.8,0.9
138,포항,20-1-31 9:00,4.4,1.4
138,포항,20-1-31 10:00,5.6,2
138,포항,20-1-31 11:00,7.5,1.8
138,포항,20-1-31 12:00,8.6,2.3
138,포항,20-1-31 13:00,7.9,2.3
138,포항,20-1-31 14:00,8.1,2.5
138,포항,20-1-31 15:00,8,2.5
138,포항,20-1-31 16:00,7.9,1.9
138,포항,20-1-31 17:00,8.1,2.2
138,포항,20-1-31 18:00,6.9,1.9
138,포항,20-1-31 19:00,6.2,1.6
138,포항,20-1-31 20:00,5,0.6
138,포항,20-1-31 21:00,4,0.4
138,포항,20-1-31 22:00,3.6,1.2
138,포항,20-1-31 23:00,3.2,1.9
138,포항,20-2-1 0:00,2.8,2
138,포항,20-2-1 1:00,2,2.1
138,포항,20-2-1 2:00,1.7,2.2
138,포항,20-2-1 3:00,1.4,1.4
138,포항,20-2-1 4:00,1.5,1.7
138,포항,20-2-1 5:00,1.4,2.5
138,포항,20-2-1 6:00,1.3,2.3
138,포항,20-2-1 7:00,1.2,1.7
138,포항,20-2-1 8:00,1.4,2
138,포항,20-2-1 9:00,2.6,3.7
138,포항,20-2-1 10:00,3.9,3.9
138,포항,20-2-1 11:00,5.7,3.5
138,포항,20-2-1 12:00,7.4,3.6
138,포항,20-2-1 13:00,7.8,4.1
138,포항,20-2-1 14:00,7.5,3
138,포항,20-2-1 15:00,8.2,3.7
138,포항,20-2-1 16:00,8.3,3.3
138,포항,20-2-1 17:00,7.6,2.4
138,포항,20-2-1 18:00,6.8,1.2
138,포항,20-2-1 19:00,5.9,1.7
138,포항,20-2-1 20:00,5.4,2
138,포항,20-2-1 21:00,4.7,1.6
138,포항,20-2-1 22:00,4,0.8
138,포항,20-2-1 23:00,3.8,1.3
138,포항,20-2-2 0:00,3.5,1.2
138,포항,20-2-2 1:00,3.2,1.6
138,포항,20-2-2 2:00,2.7,1.3
138,포항,20-2-2 3:00,2.7,2
138,포항,20-2-2 4:00,2.6,2.3
138,포항,20-2-2 5:00,2.2,1.5
138,포항,20-2-2 6:00,2,2
138,포항,20-2-2 7:00,1.6,2.3
138,포항,20-2-2 8:00,1.2,2.8
138,포항,20-2-2 9:00,2.7,2.7
138,포항,20-2-2 10:00,4.5,2.8
138,포항,20-2-2 11:00,6.7,3.3
138,포항,20-2-2 12:00,7.7,3
138,포항,20-2-2 13:00,8.3,3.8
138,포항,20-2-2 14:00,9,5.2
138,포항,20-2-2 15:00,10.2,3.6
138,포항,20-2-2 16:00,10.5,3.6
138,포항,20-2-2 17:00,10.1,2.1
138,포항,20-2-2 18:00,8.6,1.9
138,포항,20-2-2 19:00,7.3,1.5
138,포항,20-2-2 20:00,6,1.7
138,포항,20-2-2 21:00,5.3,1.5
138,포항,20-2-2 22:00,4.9,2.1
138,포항,20-2-2 23:00,4.7,2.5
138,포항,20-2-3 0:00,4,2.3
138,포항,20-2-3 1:00,3.7,1.8
138,포항,20-2-3 2:00,3.2,1.9
138,포항,20-2-3 3:00,3.6,1.5
138,포항,20-2-3 4:00,3.5,2.2
138,포항,20-2-3 5:00,2.6,1.9
138,포항,20-2-3 6:00,2.2,2.8
138,포항,20-2-3 7:00,2.2,1.8
138,포항,20-2-3 8:00,2.1,0.7
138,포항,20-2-3 9:00,3.7,1.7
138,포항,20-2-3 10:00,4.5,3.7
138,포항,20-2-3 11:00,5.5,4.4
138,포항,20-2-3 12:00,6.8,2.5
138,포항,20-2-3 13:00,7.8,2.8
138,포항,20-2-3 14:00,8.1,3.3
138,포항,20-2-3 15:00,8.4,3
138,포항,20-2-3 16:00,8.2,3.2
138,포항,20-2-3 17:00,7.3,2.9
138,포항,20-2-3 18:00,5.9,3.1
138,포항,20-2-3 19:00,5,3
138,포항,20-2-3 20:00,4.1,1.9
138,포항,20-2-3 21:00,2.9,1
138,포항,20-2-3 22:00,1.7,0.4
138,포항,20-2-3 23:00,1.8,1.7
138,포항,20-2-4 0:00,1.5,1.8
138,포항,20-2-4 1:00,0.9,2.4
138,포항,20-2-4 2:00,0.5,3.5
138,포항,20-2-4 3:00,0.2,3.4
138,포항,20-2-4 4:00,-0.2,3.8
138,포항,20-2-4 5:00,-0.8,3.4
138,포항,20-2-4 6:00,-1.2,2.5
138,포항,20-2-4 7:00,-1.4,2
138,포항,20-2-4 8:00,-1.2,2.4
138,포항,20-2-4 9:00,0.3,3.3
138,포항,20-2-4 10:00,2.4,3.4
138,포항,20-2-4 11:00,4.3,2.7
138,포항,20-2-4 12:00,6.2,2.5
138,포항,20-2-4 13:00,7.4,2.3
138,포항,20-2-4 14:00,8.1,3.5
138,포항,20-2-4 15:00,8.3,4
138,포항,20-2-4 16:00,8.6,3.3
138,포항,20-2-4 17:00,7.9,2.7
138,포항,20-2-4 18:00,6.6,2.4
138,포항,20-2-4 19:00,5.3,2.1
138,포항,20-2-4 20:00,4.6,1.7
138,포항,20-2-4 21:00,3.8,0.9
138,포항,20-2-4 22:00,3.1,0.8
138,포항,20-2-4 23:00,3.5,2.2
138,포항,20-2-5 0:00,3.4,2.6
138,포항,20-2-5 1:00,3.1,1.6
138,포항,20-2-5 2:00,3.8,4.2
138,포항,20-2-5 3:00,3.6,4.3
138,포항,20-2-5 4:00,3,4.9
138,포항,20-2-5 5:00,1.4,3.5
138,포항,20-2-5 6:00,0.2,2.1
138,포항,20-2-5 7:00,-1,3.2
138,포항,20-2-5 8:00,-2,3.4
138,포항,20-2-5 9:00,-1.6,3
138,포항,20-2-5 10:00,-1,5
138,포항,20-2-5 11:00,0.1,4.6
138,포항,20-2-5 12:00,1.2,4.3
138,포항,20-2-5 13:00,1.9,3.7
138,포항,20-2-5 14:00,2.6,3.9
138,포항,20-2-5 15:00,2.8,3.8
138,포항,20-2-5 16:00,2.7,2.9
138,포항,20-2-5 17:00,2.2,3
138,포항,20-2-5 18:00,0.6,2.6
138,포항,20-2-5 19:00,-0.2,3.4
138,포항,20-2-5 20:00,-1,3
138,포항,20-2-5 21:00,-1.6,3.9
138,포항,20-2-5 22:00,-2.3,3.2
138,포항,20-2-5 23:00,-2.9,3
138,포항,20-2-6 0:00,-3.5,3.2
138,포항,20-2-6 1:00,-4,4.3
138,포항,20-2-6 2:00,-4.5,3.3
138,포항,20-2-6 3:00,-4.9,3.2
138,포항,20-2-6 4:00,-5.6,2.4
138,포항,20-2-6 5:00,-6.1,2.7
138,포항,20-2-6 6:00,-6.4,3.1
138,포항,20-2-6 7:00,-6.6,2.9
138,포항,20-2-6 8:00,-6.2,3.7
138,포항,20-2-6 9:00,-4.8,4
138,포항,20-2-6 10:00,-2.8,4
138,포항,20-2-6 11:00,-0.3,3.4
138,포항,20-2-6 12:00,2,2.6
138,포항,20-2-6 13:00,4.4,3
138,포항,20-2-6 14:00,4,2.6
138,포항,20-2-6 15:00,2.7,3.9
138,포항,20-2-6 16:00,2.8,4.4
138,포항,20-2-6 17:00,1.5,2.3
138,포항,20-2-6 18:00,1.7,3
138,포항,20-2-6 19:00,1.8,1.5
138,포항,20-2-6 20:00,1.8,1.6
138,포항,20-2-6 21:00,1.5,1.3
138,포항,20-2-6 22:00,0.9,1.1
138,포항,20-2-6 23:00,0.3,1.4
138,포항,20-2-7 0:00,-0.1,1.8
138,포항,20-2-7 1:00,-0.5,1.7
138,포항,20-2-7 2:00,-0.6,1.8
138,포항,20-2-7 3:00,-0.3,2.4
138,포항,20-2-7 4:00,-0.7,2
138,포항,20-2-7 5:00,-0.9,1.6
138,포항,20-2-7 6:00,-1.1,1.3
138,포항,20-2-7 7:00,-1.7,0.9
138,포항,20-2-7 8:00,-1.2,1.5
138,포항,20-2-7 9:00,0,1.9
138,포항,20-2-7 10:00,1.9,2.3
138,포항,20-2-7 11:00,4.2,2.6
138,포항,20-2-7 12:00,5.8,4
138,포항,20-2-7 13:00,6.8,4
138,포항,20-2-7 14:00,7.5,4.3
138,포항,20-2-7 15:00,8,3.6
138,포항,20-2-7 16:00,7.8,3.1
138,포항,20-2-7 17:00,7,3.4
138,포항,20-2-7 18:00,5.7,2.2
138,포항,20-2-7 19:00,4.6,1.7
138,포항,20-2-7 20:00,3.7,1.9
138,포항,20-2-7 21:00,3,6.1
138,포항,20-2-7 22:00,2.1,2.3
138,포항,20-2-7 23:00,1.5,1
138,포항,20-2-8 0:00,0.9,1.2
138,포항,20-2-8 1:00,0.9,3.6
138,포항,20-2-8 2:00,0.7,3.5
138,포항,20-2-8 3:00,0.7,2.4
138,포항,20-2-8 4:00,1.1,3.1
138,포항,20-2-8 5:00,1.2,3
138,포항,20-2-8 6:00,1,2.5
138,포항,20-2-8 7:00,0.8,1.6
138,포항,20-2-8 8:00,0.9,1.7
138,포항,20-2-8 9:00,2.4,2.2
138,포항,20-2-8 10:00,4.1,2.6
138,포항,20-2-8 11:00,4.9,3.5
138,포항,20-2-8 12:00,6.2,3.5
138,포항,20-2-8 13:00,6.8,4
138,포항,20-2-8 14:00,7.6,4.5
138,포항,20-2-8 15:00,7.7,3.8
138,포항,20-2-8 16:00,7.4,4.2
138,포항,20-2-8 17:00,6.9,3.2
138,포항,20-2-8 18:00,5.6,2.6
138,포항,20-2-8 19:00,4.8,2.6
138,포항,20-2-8 20:00,3.9,1.5
138,포항,20-2-8 21:00,2.9,1.1
138,포항,20-2-8 22:00,1.9,1
138,포항,20-2-8 23:00,2.4,1.8
138,포항,20-2-9 0:00,1.7,2.1
138,포항,20-2-9 1:00,0.9,2.1
138,포항,20-2-9 2:00,0.3,2.1
138,포항,20-2-9 3:00,-0.2,2.4
138,포항,20-2-9 4:00,-0.5,2.7
138,포항,20-2-9 5:00,-0.6,3
138,포항,20-2-9 6:00,-1,2.7
138,포항,20-2-9 7:00,-1.2,3
138,포항,20-2-9 8:00,-1.2,2.1
138,포항,20-2-9 9:00,-0.2,2.1
138,포항,20-2-9 10:00,2.3,4.1
138,포항,20-2-9 11:00,4.6,3
138,포항,20-2-9 12:00,6,3.4
138,포항,20-2-9 13:00,7.1,3.2
138,포항,20-2-9 14:00,8,3.3
138,포항,20-2-9 15:00,8.7,3.7
138,포항,20-2-9 16:00,8.7,3.6
138,포항,20-2-9 17:00,8.1,3.9
138,포항,20-2-9 18:00,6.5,2.5
138,포항,20-2-9 19:00,5.3,1.2
138,포항,20-2-9 20:00,4.4,3.1
138,포항,20-2-9 21:00,3.8,2.9
138,포항,20-2-9 22:00,3.4,3.4
138,포항,20-2-9 23:00,3.2,4
138,포항,20-2-10 0:00,2.8,3.8
138,포항,20-2-10 1:00,2.2,4.3
138,포항,20-2-10 2:00,1.8,2.5
138,포항,20-2-10 3:00,1.8,5.8
138,포항,20-2-10 4:00,2,5.5
138,포항,20-2-10 5:00,1.7,3.1
138,포항,20-2-10 6:00,1.7,2.4
138,포항,20-2-10 7:00,2.1,3.4
138,포항,20-2-10 8:00,2.4,2
138,포항,20-2-10 9:00,3.8,0.7
138,포항,20-2-10 10:00,6.2,2.3
138,포항,20-2-10 11:00,8.3,2.9
138,포항,20-2-10 12:00,9.8,2.4
138,포항,20-2-10 13:00,10.8,2.2
138,포항,20-2-10 14:00,10.2,3.6
138,포항,20-2-10 15:00,9.9,3.5
138,포항,20-2-10 16:00,9.8,3.1
138,포항,20-2-10 17:00,9.4,3
138,포항,20-2-10 18:00,8.5,2.9
138,포항,20-2-10 19:00,7.6,2.3
138,포항,20-2-10 20:00,7.1,1.2
138,포항,20-2-10 21:00,5.9,1.4
138,포항,20-2-10 22:00,4.9,1
138,포항,20-2-10 23:00,3.9,1.1
138,포항,20-2-11 0:00,3.4,0.9
138,포항,20-2-11 1:00,3.1,1.2
138,포항,20-2-11 2:00,2.6,1.3
138,포항,20-2-11 3:00,2.4,1.9
138,포항,20-2-11 4:00,2.1,2.5
138,포항,20-2-11 5:00,1.7,2.6
138,포항,20-2-11 6:00,1.3,1.8
138,포항,20-2-11 7:00,1.3,2.2
138,포항,20-2-11 8:00,1.3,1.3
138,포항,20-2-11 9:00,3.6,1.9
138,포항,20-2-11 10:00,6.9,1.9
138,포항,20-2-11 11:00,10.2,1.9
138,포항,20-2-11 12:00,12.3,2.4
138,포항,20-2-11 13:00,13.8,1.6
138,포항,20-2-11 14:00,14.1,2.1
138,포항,20-2-11 15:00,13.7,1.9
138,포항,20-2-11 16:00,13.8,3.2
138,포항,20-2-11 17:00,12.7,3.5
138,포항,20-2-11 18:00,11.9,3.8
138,포항,20-2-11 19:00,11.4,2.9
138,포항,20-2-11 20:00,10.9,1.3
138,포항,20-2-11 21:00,10.6,1.6
138,포항,20-2-11 22:00,10.2,1.8
138,포항,20-2-11 23:00,9.5,1.7
138,포항,20-2-12 0:00,9.5,2.1
138,포항,20-2-12 1:00,9.4,1.5
138,포항,20-2-12 2:00,9.2,2
138,포항,20-2-12 3:00,9.1,1.7
138,포항,20-2-12 4:00,9,1.3
138,포항,20-2-12 5:00,8.9,1.2
138,포항,20-2-12 6:00,8.7,0.1
138,포항,20-2-12 7:00,8.5,0.6
138,포항,20-2-12 8:00,8.5,0.3
138,포항,20-2-12 9:00,8.4,0.8
138,포항,20-2-12 10:00,8.4,0.7
138,포항,20-2-12 11:00,8.8,1.6
138,포항,20-2-12 12:00,9.2,1.2
138,포항,20-2-12 13:00,10,1.9
138,포항,20-2-12 14:00,10.5,1.3
138,포항,20-2-12 15:00,11.2,0.9
138,포항,20-2-12 16:00,11.4,1.4
138,포항,20-2-12 17:00,11.7,0.9
138,포항,20-2-12 18:00,11.7,1.2
138,포항,20-2-12 19:00,11.6,1.8
138,포항,20-2-12 20:00,11.6,1.9
138,포항,20-2-12 21:00,11.5,2.5
138,포항,20-2-12 22:00,11.6,2.6
138,포항,20-2-12 23:00,11.5,1.7
138,포항,20-2-13 0:00,11.3,2.4
138,포항,20-2-13 1:00,10.9,2.8
138,포항,20-2-13 2:00,10.8,3.2
138,포항,20-2-13 3:00,10.6,2.5
138,포항,20-2-13 4:00,10.7,3
138,포항,20-2-13 5:00,10.7,3.4
138,포항,20-2-13 6:00,10.7,2.5
138,포항,20-2-13 7:00,10.1,2.6
138,포항,20-2-13 8:00,10.3,2.9
138,포항,20-2-13 9:00,11.8,2.2
138,포항,20-2-13 10:00,13.4,2.8
138,포항,20-2-13 11:00,13.9,3.8
138,포항,20-2-13 12:00,14.7,3.8
138,포항,20-2-13 13:00,15.1,4.6
138,포항,20-2-13 14:00,15.7,3.5
138,포항,20-2-13 15:00,16.2,4.1
138,포항,20-2-13 16:00,16.1,4.1
138,포항,20-2-13 17:00,15.4,3
138,포항,20-2-13 18:00,14.3,1.8
138,포항,20-2-13 19:00,13.1,1.4
138,포항,20-2-13 20:00,12.1,0.8
138,포항,20-2-13 21:00,11,1.2
138,포항,20-2-13 22:00,10.3,2.1
138,포항,20-2-13 23:00,9.5,2.1
138,포항,20-2-14 0:00,8.8,2.2
138,포항,20-2-14 1:00,8.5,2.2
138,포항,20-2-14 2:00,8.4,1.8
138,포항,20-2-14 3:00,8.3,3
138,포항,20-2-14 4:00,8.4,2.7
138,포항,20-2-14 5:00,8.4,2.3
138,포항,20-2-14 6:00,8.2,2.8
138,포항,20-2-14 7:00,8.2,1.6
138,포항,20-2-14 8:00,7.8,1.2
138,포항,20-2-14 9:00,8.5,2.3
138,포항,20-2-14 10:00,9.6,2.5
138,포항,20-2-14 11:00,12.5,1.8
138,포항,20-2-14 12:00,14.3,2.1
138,포항,20-2-14 13:00,15.2,2.1
138,포항,20-2-14 14:00,14.7,2.7
138,포항,20-2-14 15:00,15,2.5
138,포항,20-2-14 16:00,14.2,3.2
138,포항,20-2-14 17:00,14.1,2
138,포항,20-2-14 18:00,12.9,0.9
138,포항,20-2-14 19:00,12,0.9
138,포항,20-2-14 20:00,11.1,1
138,포항,20-2-14 21:00,10.2,0.7
138,포항,20-2-14 22:00,9.9,1
138,포항,20-2-14 23:00,9.9,0.6
138,포항,20-2-15 0:00,9.5,0.8
138,포항,20-2-15 1:00,9.8,1
138,포항,20-2-15 2:00,9.9,0.7
138,포항,20-2-15 3:00,9.4,0.7
138,포항,20-2-15 4:00,10,1.6
138,포항,20-2-15 5:00,10.3,2
138,포항,20-2-15 6:00,10.7,1.7
138,포항,20-2-15 7:00,11.6,2.9
138,포항,20-2-15 8:00,11.9,3.2
138,포항,20-2-15 9:00,12.3,2.8
138,포항,20-2-15 10:00,13.9,2.2
138,포항,20-2-15 11:00,14.8,3.5
138,포항,20-2-15 12:00,14.8,3.4
138,포항,20-2-15 13:00,13.7,4.3
138,포항,20-2-15 14:00,13.5,3.9
138,포항,20-2-15 15:00,13.1,4.3
138,포항,20-2-15 16:00,13,3
138,포항,20-2-15 17:00,12.8,3
138,포항,20-2-15 18:00,12.8,2.8
138,포항,20-2-15 19:00,12.7,3.5
138,포항,20-2-15 20:00,12.7,2.1
138,포항,20-2-15 21:00,12.9,3.3
138,포항,20-2-15 22:00,13,3.4
138,포항,20-2-15 23:00,13,2.7
138,포항,20-2-16 0:00,12.5,1.9
138,포항,20-2-16 1:00,12.2,1.6
138,포항,20-2-16 2:00,11.9,0.1
138,포항,20-2-16 3:00,11.7,1.5
138,포항,20-2-16 4:00,11.5,1
138,포항,20-2-16 5:00,11.3,1.9
138,포항,20-2-16 6:00,11.1,1.6
138,포항,20-2-16 7:00,10.9,2.2
138,포항,20-2-16 8:00,9.4,3.3
138,포항,20-2-16 9:00,7.7,2.3
138,포항,20-2-16 10:00,7.8,3.6
138,포항,20-2-16 11:00,7.7,6.4
138,포항,20-2-16 12:00,7.2,5.7
138,포항,20-2-16 13:00,6.5,6.9
138,포항,20-2-16 14:00,6.4,5.8
138,포항,20-2-16 15:00,5.9,4.1
138,포항,20-2-16 16:00,4.7,5.7
138,포항,20-2-16 17:00,4.1,5
138,포항,20-2-16 18:00,3.1,4.9
138,포항,20-2-16 19:00,2.4,4.3
138,포항,20-2-16 20:00,2.2,4.2
138,포항,20-2-16 21:00,1.3,5.7
138,포항,20-2-16 22:00,0.9,3.9
138,포항,20-2-16 23:00,0.6,4.6
138,포항,20-2-17 0:00,0.3,4.5
138,포항,20-2-17 1:00,0.1,3.7
138,포항,20-2-17 2:00,-0.2,4.5
138,포항,20-2-17 3:00,-0.4,4.7
138,포항,20-2-17 4:00,-0.7,4.1
138,포항,20-2-17 5:00,-1,3.9
138,포항,20-2-17 6:00,-1.1,3.6
138,포항,20-2-17 7:00,-1.2,4
138,포항,20-2-17 8:00,-1,5.8
138,포항,20-2-17 9:00,-0.2,4.6
138,포항,20-2-17 10:00,-0.3,6.4
138,포항,20-2-17 11:00,0.7,5.4
138,포항,20-2-17 12:00,1.7,6.1
138,포항,20-2-17 13:00,2.1,5.9
138,포항,20-2-17 14:00,2.4,5.8
138,포항,20-2-17 15:00,1.4,5.6
138,포항,20-2-17 16:00,1.4,5.7
138,포항,20-2-17 17:00,0.8,6.3
138,포항,20-2-17 18:00,-0.3,4.3
138,포항,20-2-17 19:00,-1.2,3.9
138,포항,20-2-17 20:00,-1.9,6
138,포항,20-2-17 21:00,-2.5,5.1
138,포항,20-2-17 22:00,-2.9,4.9
138,포항,20-2-17 23:00,-3.3,4.4
138,포항,20-2-18 0:00,-3.7,4.2
138,포항,20-2-18 1:00,-3.8,3
138,포항,20-2-18 2:00,-3.8,3.2
138,포항,20-2-18 3:00,-4.1,4.3
138,포항,20-2-18 4:00,-4.5,3.9
138,포항,20-2-18 5:00,-4.5,3.9
138,포항,20-2-18 6:00,-4.6,3.9
138,포항,20-2-18 7:00,-4.5,3.6
138,포항,20-2-18 8:00,-3.9,3
138,포항,20-2-18 9:00,-2.5,4.5
138,포항,20-2-18 10:00,-0.8,4.8
138,포항,20-2-18 11:00,0.9,4.5
138,포항,20-2-18 12:00,2.5,3
138,포항,20-2-18 13:00,3.6,4.2
138,포항,20-2-18 14:00,5,3.9
138,포항,20-2-18 15:00,5.9,2.9
138,포항,20-2-18 16:00,6.3,2.6
138,포항,20-2-18 17:00,5.7,3.4
138,포항,20-2-18 18:00,4.3,3.5
138,포항,20-2-18 19:00,3.3,3
138,포항,20-2-18 20:00,2.6,1.7
138,포항,20-2-18 21:00,2.2,3.4
138,포항,20-2-18 22:00,2.1,4
138,포항,20-2-18 23:00,1.7,3
138,포항,20-2-19 0:00,1.3,2
138,포항,20-2-19 1:00,1.2,2.6
138,포항,20-2-19 2:00,0.8,2.8
138,포항,20-2-19 3:00,0.6,2.6
138,포항,20-2-19 4:00,0.3,2.8
138,포항,20-2-19 5:00,0.1,2.5
138,포항,20-2-19 6:00,0.2,4
138,포항,20-2-19 7:00,0.1,4.4
138,포항,20-2-19 8:00,0.6,2.9
138,포항,20-2-19 9:00,2,2.5
138,포항,20-2-19 10:00,4,3.3
138,포항,20-2-19 11:00,6.8,2.8
138,포항,20-2-19 12:00,9,3.1
138,포항,20-2-19 13:00,10.2,3.3
138,포항,20-2-19 14:00,11.4,2
138,포항,20-2-19 15:00,9.9,3.2
138,포항,20-2-19 16:00,9.9,2.5
138,포항,20-2-19 17:00,9.9,2.4
138,포항,20-2-19 18:00,8.6,3.4
138,포항,20-2-19 19:00,7.8,1.8
138,포항,20-2-19 20:00,7.3,1.8
138,포항,20-2-19 21:00,6.4,1.2
138,포항,20-2-19 22:00,5.8,1.8
138,포항,20-2-19 23:00,5.6,1.9
138,포항,20-2-20 0:00,5.2,1.1
138,포항,20-2-20 1:00,4.7,2.2
138,포항,20-2-20 2:00,4.1,2.8
138,포항,20-2-20 3:00,3.5,0.2
138,포항,20-2-20 4:00,3.3,2.3
138,포항,20-2-20 5:00,3.5,2.4
138,포항,20-2-20 6:00,3.4,2
138,포항,20-2-20 7:00,3.1,2.2
138,포항,20-2-20 8:00,3.4,2.2
138,포항,20-2-20 9:00,5.1,2.9
138,포항,20-2-20 10:00,7.4,2.5
138,포항,20-2-20 11:00,10.2,1
138,포항,20-2-20 12:00,11.6,1.8
138,포항,20-2-20 13:00,11.3,2.7
138,포항,20-2-20 14:00,11.3,3
138,포항,20-2-20 15:00,11.4,3.6
138,포항,20-2-20 16:00,11.6,3.5
138,포항,20-2-20 17:00,11.9,3.6
138,포항,20-2-20 18:00,10.5,3.1
138,포항,20-2-20 19:00,9.8,2.8
138,포항,20-2-20 20:00,8.6,0.7
138,포항,20-2-20 21:00,7.5,1.1
138,포항,20-2-20 22:00,6.6,0.3
138,포항,20-2-20 23:00,5,0.9
138,포항,20-2-21 0:00,5.3,1.1
138,포항,20-2-21 1:00,4.8,1.2
138,포항,20-2-21 2:00,4.6,2
138,포항,20-2-21 3:00,4.4,1.7
138,포항,20-2-21 4:00,4.3,1.1
138,포항,20-2-21 5:00,3.8,1.3
138,포항,20-2-21 6:00,3.3,1.8
138,포항,20-2-21 7:00,3,1.8
138,포항,20-2-21 8:00,3.6,2.3
138,포항,20-2-21 9:00,6.1,2.6
138,포항,20-2-21 10:00,9.5,2.6
138,포항,20-2-21 11:00,12.3,3.6
138,포항,20-2-21 12:00,14,4
138,포항,20-2-21 13:00,15,3.7
138,포항,20-2-21 14:00,15.9,3.2
138,포항,20-2-21 15:00,16.6,3.9
138,포항,20-2-21 16:00,15.3,5.3
138,포항,20-2-21 17:00,14.5,3.8
138,포항,20-2-21 18:00,13.5,3.7
138,포항,20-2-21 19:00,12.8,3.5
138,포항,20-2-21 20:00,12.9,2
138,포항,20-2-21 21:00,12.5,1.9
138,포항,20-2-21 22:00,12.3,2.3
138,포항,20-2-21 23:00,11.6,2.8
138,포항,20-2-22 0:00,10.3,2.1
138,포항,20-2-22 1:00,10,0.7
138,포항,20-2-22 2:00,9.8,1.2
138,포항,20-2-22 3:00,9.8,2.5
138,포항,20-2-22 4:00,9.4,4
138,포항,20-2-22 5:00,9.1,3
138,포항,20-2-22 6:00,9.4,3.5
138,포항,20-2-22 7:00,9.8,5
138,포항,20-2-22 8:00,9.6,5
138,포항,20-2-22 9:00,9.7,5.2
138,포항,20-2-22 10:00,10.4,4.7
138,포항,20-2-22 11:00,11.4,3.2
138,포항,20-2-22 12:00,11.7,5.5
138,포항,20-2-22 13:00,12.1,6.2
138,포항,20-2-22 14:00,11.9,6.7
138,포항,20-2-22 15:00,12.4,4.3
138,포항,20-2-22 16:00,11.6,5.4
138,포항,20-2-22 17:00,11.3,5.3
138,포항,20-2-22 18:00,10,4.8
138,포항,20-2-22 19:00,8.9,5.2
138,포항,20-2-22 20:00,8.1,4.4
138,포항,20-2-22 21:00,7.2,4.5
138,포항,20-2-22 22:00,6.3,3.9
138,포항,20-2-22 23:00,5.5,3.8
138,포항,20-2-23 0:00,4.4,3.5
138,포항,20-2-23 1:00,3.5,4.1
138,포항,20-2-23 2:00,2.7,3.5
138,포항,20-2-23 3:00,2.3,3.2
138,포항,20-2-23 4:00,2,2.4
138,포항,20-2-23 5:00,1.7,2.6
138,포항,20-2-23 6:00,1.3,2.1
138,포항,20-2-23 7:00,1,3.8
138,포항,20-2-23 8:00,1.4,2.9
138,포항,20-2-23 9:00,3,2.9
138,포항,20-2-23 10:00,4.4,3.9
138,포항,20-2-23 11:00,6.5,3.5
138,포항,20-2-23 12:00,8.1,3.2
138,포항,20-2-23 13:00,9.3,2.7
138,포항,20-2-23 14:00,10.6,3.6
138,포항,20-2-23 15:00,11,4.2
138,포항,20-2-23 16:00,11.5,3.9
138,포항,20-2-23 17:00,11.4,3.1
138,포항,20-2-23 18:00,10.1,1.9
138,포항,20-2-23 19:00,7.9,0.5
138,포항,20-2-23 20:00,6.9,1
138,포항,20-2-23 21:00,5.6,0.9
138,포항,20-2-23 22:00,5.6,1.6
138,포항,20-2-23 23:00,5.2,1.4
138,포항,20-2-24 0:00,4.6,1.2
138,포항,20-2-24 1:00,5.3,3.1
138,포항,20-2-24 2:00,5.6,3
138,포항,20-2-24 3:00,5.6,4
138,포항,20-2-24 4:00,5.2,3.2
138,포항,20-2-24 5:00,5.2,4.2
138,포항,20-2-24 6:00,5.1,4.4
138,포항,20-2-24 7:00,5.1,3.5
138,포항,20-2-24 8:00,5.3,1.5
138,포항,20-2-24 9:00,7.6,3
138,포항,20-2-24 10:00,10.2,2.8
138,포항,20-2-24 11:00,12.3,4
138,포항,20-2-24 12:00,14.5,4
138,포항,20-2-24 13:00,15.9,4.3
138,포항,20-2-24 14:00,16.8,3.9
138,포항,20-2-24 15:00,17.4,3.5
138,포항,20-2-24 16:00,17.8,4
138,포항,20-2-24 17:00,16.8,0.9
138,포항,20-2-24 18:00,14.8,0.9
138,포항,20-2-24 19:00,12.8,1.1
138,포항,20-2-24 20:00,11.7,0.5
138,포항,20-2-24 21:00,12,1.2
138,포항,20-2-24 22:00,12.4,2.2
138,포항,20-2-24 23:00,12.3,2.1
138,포항,20-2-25 0:00,12.1,1.3
138,포항,20-2-25 1:00,11.8,2.1
138,포항,20-2-25 2:00,10.3,1.1
138,포항,20-2-25 3:00,9.3,0.9
138,포항,20-2-25 4:00,8.4,0.7
138,포항,20-2-25 5:00,7.9,0.4
138,포항,20-2-25 6:00,7.7,0.8
138,포항,20-2-25 7:00,7.8,1.1
138,포항,20-2-25 8:00,8,1
138,포항,20-2-25 9:00,8,1.8
138,포항,20-2-25 10:00,7.9,1
138,포항,20-2-25 11:00,7.9,1.2
138,포항,20-2-25 12:00,8.2,4.2
138,포항,20-2-25 13:00,8.1,5
138,포항,20-2-25 14:00,8.1,4.1
138,포항,20-2-25 15:00,8.1,2.9
138,포항,20-2-25 16:00,7.9,3.4
138,포항,20-2-25 17:00,7.5,3.4
138,포항,20-2-25 18:00,7.6,4
138,포항,20-2-25 19:00,7.3,3.5
138,포항,20-2-25 20:00,7.4,3.7
138,포항,20-2-25 21:00,7.7,3.4
138,포항,20-2-25 22:00,8.7,4.3
138,포항,20-2-25 23:00,8.4,2.2
138,포항,20-2-26 0:00,9.3,4.4
138,포항,20-2-26 1:00,9.2,4.2
138,포항,20-2-26 2:00,9.5,4
138,포항,20-2-26 3:00,9.3,3.8
138,포항,20-2-26 4:00,8.8,2.9
138,포항,20-2-26 5:00,8.3,2.2
138,포항,20-2-26 6:00,8.5,3.7
138,포항,20-2-26 7:00,8.7,3.6
138,포항,20-2-26 8:00,8.7,3.5
138,포항,20-2-26 9:00,8.2,1.8
138,포항,20-2-26 10:00,7.9,2.3
138,포항,20-2-26 11:00,8,1.6
138,포항,20-2-26 12:00,8.4,1.9
138,포항,20-2-26 13:00,9,1.7
138,포항,20-2-26 14:00,9.6,1.9
138,포항,20-2-26 15:00,9.2,2.1
138,포항,20-2-26 16:00,9.2,2.2
138,포항,20-2-26 17:00,8.9,2.4
138,포항,20-2-26 18:00,8.4,3.4
138,포항,20-2-26 19:00,7.5,3.3
138,포항,20-2-26 20:00,7.2,3
138,포항,20-2-26 21:00,6.8,2.6
138,포항,20-2-26 22:00,6,2.2
138,포항,20-2-26 23:00,5.9,2.2
138,포항,20-2-27 0:00,5.4,3.2
138,포항,20-2-27 1:00,4.9,2.2
138,포항,20-2-27 2:00,4.7,2.2
138,포항,20-2-27 3:00,4.4,2.2
138,포항,20-2-27 4:00,4.1,2.2
138,포항,20-2-27 5:00,4,2.2
138,포항,20-2-27 6:00,3.8,2.4
138,포항,20-2-27 7:00,3.9,2.1
138,포항,20-2-27 8:00,3.9,1.8
138,포항,20-2-27 9:00,4.3,1.8
138,포항,20-2-27 10:00,4.6,1.9
138,포항,20-2-27 11:00,5.3,2
138,포항,20-2-27 12:00,6.5,2.6
138,포항,20-2-27 13:00,7.2,2.9
138,포항,20-2-27 14:00,7.4,2.5
138,포항,20-2-27 15:00,7.6,2.8
138,포항,20-2-27 16:00,7.6,1.6
138,포항,20-2-27 17:00,7.3,2.2
138,포항,20-2-27 18:00,6.4,1.7
138,포항,20-2-27 19:00,6.2,1.8
138,포항,20-2-27 20:00,5.6,1.5
138,포항,20-2-27 21:00,4.7,0.6
138,포항,20-2-27 22:00,3.9,0.6
138,포항,20-2-27 23:00,3,0.2
138,포항,20-2-28 0:00,2.6,1
138,포항,20-2-28 1:00,2.4,1.7
138,포항,20-2-28 2:00,2.2,1.6
138,포항,20-2-28 3:00,1.9,1.1
138,포항,20-2-28 4:00,1.8,1.3
138,포항,20-2-28 5:00,1.5,1.1
138,포항,20-2-28 6:00,1.9,1.7
138,포항,20-2-28 7:00,2.1,1.3
138,포항,20-2-28 8:00,2.7,1.7
138,포항,20-2-28 9:00,3.7,1.8
138,포항,20-2-28 10:00,4.9,1.7
138,포항,20-2-28 11:00,6.1,1.9
138,포항,20-2-28 12:00,7.1,2
138,포항,20-2-28 13:00,9,1.8
138,포항,20-2-28 14:00,8.4,2.9
138,포항,20-2-28 15:00,7.3,2.6
138,포항,20-2-28 16:00,7,2.5
138,포항,20-2-28 17:00,7.2,2.9
138,포항,20-2-28 18:00,6.9,1.7
138,포항,20-2-28 19:00,6.4,1.8
138,포항,20-2-28 20:00,5.9,1.3
138,포항,20-2-28 21:00,5.4,1.6
138,포항,20-2-28 22:00,5.5,1.5
138,포항,20-2-28 23:00,5.2,1.3
138,포항,20-2-29 0:00,4.6,2.1
138,포항,20-2-29 1:00,3.9,0.9
138,포항,20-2-29 2:00,3.5,1.9
138,포항,20-2-29 3:00,3.2,1.6
138,포항,20-2-29 4:00,2.6,2.9
138,포항,20-2-29 5:00,2.7,1.9
138,포항,20-2-29 6:00,2.6,2.4
138,포항,20-2-29 7:00,2.4,2.9
138,포항,20-2-29 8:00,2.7,1.3
138,포항,20-2-29 9:00,4,2.7
138,포항,20-2-29 10:00,6.2,2.3
138,포항,20-2-29 11:00,9.3,2.2
138,포항,20-2-29 12:00,9.8,0.9
138,포항,20-2-29 13:00,10.8,2.3
138,포항,20-2-29 14:00,11,2.2
138,포항,20-2-29 15:00,10.7,2.8
138,포항,20-2-29 16:00,10.9,3.9
138,포항,20-2-29 17:00,11.2,3.8
138,포항,20-2-29 18:00,9.9,2.6
138,포항,20-2-29 19:00,9.7,2.8
138,포항,20-2-29 20:00,9.5,2.5
138,포항,20-2-29 21:00,9,1.3
138,포항,20-2-29 22:00,8.5,1.1
138,포항,20-2-29 23:00,8.3,1.2
138,포항,20-3-1 0:00,8,1.3
138,포항,20-3-1 1:00,7.9,1.3
138,포항,20-3-1 2:00,7.9,0.7
138,포항,20-3-1 3:00,7.7,0.6
138,포항,20-3-1 4:00,7.4,0.7
138,포항,20-3-1 5:00,7.1,1.4
138,포항,20-3-1 6:00,7,0.9
138,포항,20-3-1 7:00,6.9,1
138,포항,20-3-1 8:00,7.1,1.4
138,포항,20-3-1 9:00,7.9,0.6
138,포항,20-3-1 10:00,8.7,0.4
138,포항,20-3-1 11:00,9.4,0.9
138,포항,20-3-1 12:00,10,1.1
138,포항,20-3-1 13:00,10.5,3
138,포항,20-3-1 14:00,10.6,2.1
138,포항,20-3-1 15:00,11,4.5
138,포항,20-3-1 16:00,12.1,3.7
138,포항,20-3-1 17:00,11.6,2.8
138,포항,20-3-1 18:00,11.1,3.4
138,포항,20-3-1 19:00,10.9,2.1
138,포항,20-3-1 20:00,11,2
138,포항,20-3-1 21:00,10.9,1.6
138,포항,20-3-1 22:00,10.8,2.6
138,포항,20-3-1 23:00,10.5,1.9
138,포항,20-3-2 0:00,10.3,2
138,포항,20-3-2 1:00,10.2,2.4
138,포항,20-3-2 2:00,8.7,2.8
138,포항,20-3-2 3:00,8.1,2.5
138,포항,20-3-2 4:00,6.6,3.1
138,포항,20-3-2 5:00,6.2,2.4
138,포항,20-3-2 6:00,5.6,2.4
138,포항,20-3-2 7:00,5.3,2.4
138,포항,20-3-2 8:00,5.1,3
138,포항,20-3-2 9:00,5.3,3
138,포항,20-3-2 10:00,6.6,3
138,포항,20-3-2 11:00,9,2.8
138,포항,20-3-2 12:00,10.5,3.3
138,포항,20-3-2 13:00,11.1,3.8
138,포항,20-3-2 14:00,11.8,1.4
138,포항,20-3-2 15:00,10.4,5.4
138,포항,20-3-2 16:00,10,4
138,포항,20-3-2 17:00,9.6,4.5
138,포항,20-3-2 18:00,8.4,3.7
138,포항,20-3-2 19:00,7.9,4.3
138,포항,20-3-2 20:00,7.7,4.3
138,포항,20-3-2 21:00,6.8,1.9
138,포항,20-3-2 22:00,5.6,1.4
138,포항,20-3-2 23:00,5.2,1.8
138,포항,20-3-3 0:00,5,1.6
138,포항,20-3-3 1:00,5,1.8
138,포항,20-3-3 2:00,5.2,1.5
138,포항,20-3-3 3:00,5.3,1.3
138,포항,20-3-3 4:00,5.2,0.9
138,포항,20-3-3 5:00,5,1.7
138,포항,20-3-3 6:00,4.9,1.7
138,포항,20-3-3 7:00,4.9,1.2
138,포항,20-3-3 8:00,5.5,1.3
138,포항,20-3-3 9:00,6,1.8
138,포항,20-3-3 10:00,7.4,2.3
138,포항,20-3-3 11:00,8.1,3.5
138,포항,20-3-3 12:00,9.3,2.8
138,포항,20-3-3 13:00,8.8,3.1
138,포항,20-3-3 14:00,9.1,2.6
138,포항,20-3-3 15:00,9.3,2.6
138,포항,20-3-3 16:00,9.4,2.3
138,포항,20-3-3 17:00,9.4,2.8
138,포항,20-3-3 18:00,9.3,2.2
138,포항,20-3-3 19:00,9.2,2.7
138,포항,20-3-3 20:00,9.2,2.2
138,포항,20-3-3 21:00,9.2,3.8
138,포항,20-3-3 22:00,8.6,1.6
138,포항,20-3-3 23:00,7.6,1.8
138,포항,20-3-4 0:00,7,1.6
138,포항,20-3-4 1:00,6.5,2
138,포항,20-3-4 2:00,6.2,1.4
138,포항,20-3-4 3:00,6.4,2
138,포항,20-3-4 4:00,5.9,1.4
138,포항,20-3-4 5:00,5.9,2.8
138,포항,20-3-4 6:00,6,1.9
138,포항,20-3-4 7:00,6.3,0.9
138,포항,20-3-4 8:00,6.3,1.5
138,포항,20-3-4 9:00,7.4,1.8
138,포항,20-3-4 10:00,8.6,3.1
138,포항,20-3-4 11:00,9.3,5.9
138,포항,20-3-4 12:00,10.6,4
138,포항,20-3-4 13:00,10.7,6.1
138,포항,20-3-4 14:00,10.7,6.8
138,포항,20-3-4 15:00,10.5,6.4
138,포항,20-3-4 16:00,10.4,4.8
138,포항,20-3-4 17:00,9.4,6.7
138,포항,20-3-4 18:00,8,4.9
138,포항,20-3-4 19:00,6.4,2.6
138,포항,20-3-4 20:00,5,4.8
138,포항,20-3-4 21:00,3.6,5.1
138,포항,20-3-4 22:00,2.6,6.5
138,포항,20-3-4 23:00,1.8,3.6
138,포항,20-3-5 0:00,1.6,6.1
138,포항,20-3-5 1:00,1.4,4.9
138,포항,20-3-5 2:00,1.1,3.8
138,포항,20-3-5 3:00,0.8,3.7
138,포항,20-3-5 4:00,0.7,4.5
138,포항,20-3-5 5:00,0.3,3
138,포항,20-3-5 6:00,0,2.7
138,포항,20-3-5 7:00,-0.3,3
138,포항,20-3-5 8:00,0.4,3.3
138,포항,20-3-5 9:00,1.8,3.3
138,포항,20-3-5 10:00,3.4,4.2
138,포항,20-3-5 11:00,5.2,4
138,포항,20-3-5 12:00,6.9,3.3
138,포항,20-3-5 13:00,8.3,3.5
138,포항,20-3-5 14:00,9.9,3
138,포항,20-3-5 15:00,10.4,2.8
138,포항,20-3-5 16:00,10.8,3
138,포항,20-3-5 17:00,10.6,3.4
138,포항,20-3-5 18:00,9.5,2.2
138,포항,20-3-5 19:00,7.7,0.8
138,포항,20-3-5 20:00,6.3,0.9
138,포항,20-3-5 21:00,5.3,1.2
138,포항,20-3-5 22:00,4,0.8
138,포항,20-3-5 23:00,3.9,1.3
138,포항,20-3-6 0:00,3.3,1.9
138,포항,20-3-6 1:00,2.8,2.1
138,포항,20-3-6 2:00,2,1.9
138,포항,20-3-6 3:00,1.4,1.9
138,포항,20-3-6 4:00,1.1,1.9
138,포항,20-3-6 5:00,0.7,2.2
138,포항,20-3-6 6:00,0.3,0.7
138,포항,20-3-6 7:00,0.4,1.8
138,포항,20-3-6 8:00,1.8,1.1
138,포항,20-3-6 9:00,4.1,2
138,포항,20-3-6 10:00,6.7,2.9
138,포항,20-3-6 11:00,8.4,3.4
138,포항,20-3-6 12:00,10.6,4.3
138,포항,20-3-6 13:00,12.1,3.6
138,포항,20-3-6 14:00,13.3,3.7
138,포항,20-3-6 15:00,14.2,3.4
138,포항,20-3-6 16:00,14.5,2.8
138,포항,20-3-6 17:00,14.7,2.5
138,포항,20-3-6 18:00,13.6,1.1
138,포항,20-3-6 19:00,11.4,0.9
138,포항,20-3-6 20:00,9.7,1.6
138,포항,20-3-6 21:00,7.4,0.6
138,포항,20-3-6 22:00,6.4,0.9
138,포항,20-3-6 23:00,5.6,0.1
138,포항,20-3-7 0:00,5.6,0.4
138,포항,20-3-7 1:00,5.9,1.3
138,포항,20-3-7 2:00,5.7,1.2
138,포항,20-3-7 3:00,5.5,1.4
138,포항,20-3-7 4:00,4.4,0.1
138,포항,20-3-7 5:00,4.2,1.8
138,포항,20-3-7 6:00,4,1
138,포항,20-3-7 7:00,4.2,1.2
138,포항,20-3-7 8:00,4.9,1.8
138,포항,20-3-7 9:00,5.9,1.9
138,포항,20-3-7 10:00,7,1.1
138,포항,20-3-7 11:00,6.9,2.8
138,포항,20-3-7 12:00,8.9,2.5
138,포항,20-3-7 13:00,10.8,1.9
138,포항,20-3-7 14:00,11.2,1.7
138,포항,20-3-7 15:00,11.4,1.2
138,포항,20-3-7 16:00,11.5,1.1
138,포항,20-3-7 17:00,11.2,2.1
138,포항,20-3-7 18:00,10.7,2
138,포항,20-3-7 19:00,10.5,1.8
138,포항,20-3-7 20:00,9.6,1.6
138,포항,20-3-7 21:00,8.1,1.7
138,포항,20-3-7 22:00,7.8,1.7
138,포항,20-3-7 23:00,7.7,0.8
138,포항,20-3-8 0:00,7.6,1.3
138,포항,20-3-8 1:00,7.6,1.8
138,포항,20-3-8 2:00,7.7,0.6
138,포항,20-3-8 3:00,7.7,0.9
138,포항,20-3-8 4:00,6.9,1.4
138,포항,20-3-8 5:00,6,1.1
138,포항,20-3-8 6:00,5.3,1.2
138,포항,20-3-8 7:00,5,1
138,포항,20-3-8 8:00,5.8,1.6
138,포항,20-3-8 9:00,9.1,1.1
138,포항,20-3-8 10:00,11.8,2.9
138,포항,20-3-8 11:00,12.7,3.2
138,포항,20-3-8 12:00,12.6,3.1
138,포항,20-3-8 13:00,12.6,4.6
138,포항,20-3-8 14:00,13.1,3.5
138,포항,20-3-8 15:00,12.6,4.4
138,포항,20-3-8 16:00,12.7,3.1
138,포항,20-3-8 17:00,12.1,2.6
138,포항,20-3-8 18:00,11.2,2.2
138,포항,20-3-8 19:00,10.3,1.6
138,포항,20-3-8 20:00,9.9,1.5
138,포항,20-3-8 21:00,8.5,1.3
138,포항,20-3-8 22:00,7.8,1
138,포항,20-3-8 23:00,7.2,1.1
138,포항,20-3-9 0:00,6.5,0.8
138,포항,20-3-9 1:00,6.4,1.4
138,포항,20-3-9 2:00,5.9,1.6
138,포항,20-3-9 3:00,5.7,1.5
138,포항,20-3-9 4:00,5.3,1.8
138,포항,20-3-9 5:00,4.9,1.8
138,포항,20-3-9 6:00,4.7,1.9
138,포항,20-3-9 7:00,4.5,1.9
138,포항,20-3-9 8:00,5.5,1.6
138,포항,20-3-9 9:00,7.7,1.4
138,포항,20-3-9 10:00,10.6,1.3
138,포항,20-3-9 11:00,11.9,0.5
138,포항,20-3-9 12:00,13.5,1.3
138,포항,20-3-9 13:00,13,2.4
138,포항,20-3-9 14:00,13,3.1
138,포항,20-3-9 15:00,13.1,3.2
138,포항,20-3-9 16:00,12.9,3.5
138,포항,20-3-9 17:00,12.8,2.3
138,포항,20-3-9 18:00,12.7,3
138,포항,20-3-9 19:00,12.6,1.5
138,포항,20-3-9 20:00,12.5,1
138,포항,20-3-9 21:00,12.3,2
138,포항,20-3-9 22:00,11.6,1.2
138,포항,20-3-9 23:00,11.2,1.3
138,포항,20-3-10 0:00,11.1,1
138,포항,20-3-10 1:00,11.7,3.3
138,포항,20-3-10 2:00,11.6,4
138,포항,20-3-10 3:00,11.4,4.1
138,포항,20-3-10 4:00,11,3.6
138,포항,20-3-10 5:00,10.8,3.3
138,포항,20-3-10 6:00,10.6,4.1
138,포항,20-3-10 7:00,10.6,3.5
138,포항,20-3-10 8:00,10.4,1.8
138,포항,20-3-10 9:00,10.1,2
138,포항,20-3-10 10:00,10.3,2.4
138,포항,20-3-10 11:00,10.8,1.9
138,포항,20-3-10 12:00,11.1,1.3
138,포항,20-3-10 13:00,11.3,1
138,포항,20-3-10 14:00,11.4,0.4
138,포항,20-3-10 15:00,11,1
138,포항,20-3-10 16:00,11,1.4
138,포항,20-3-10 17:00,10.7,1.9
138,포항,20-3-10 18:00,9.8,2.8
138,포항,20-3-10 19:00,9.4,2.6
138,포항,20-3-10 20:00,9,3.2
138,포항,20-3-10 21:00,8.7,2.5
138,포항,20-3-10 22:00,8.7,1.9
138,포항,20-3-10 23:00,8.3,1.8
138,포항,20-3-11 0:00,8,1.4
138,포항,20-3-11 1:00,6.8,6.4
138,포항,20-3-11 2:00,5.6,3.7
138,포항,20-3-11 3:00,4.8,2.6
138,포항,20-3-11 4:00,4.1,2.2
138,포항,20-3-11 5:00,3.8,2
138,포항,20-3-11 6:00,3.2,1.5
138,포항,20-3-11 7:00,2.7,1.1
138,포항,20-3-11 8:00,3.9,2.8
138,포항,20-3-11 9:00,5.3,3.8
138,포항,20-3-11 10:00,6.9,6.1
138,포항,20-3-11 11:00,8.2,5.2
138,포항,20-3-11 12:00,9.5,4.6
138,포항,20-3-11 13:00,10.4,5.4
138,포항,20-3-11 14:00,11.2,4.7
138,포항,20-3-11 15:00,11.7,4.4
138,포항,20-3-11 16:00,12,4
138,포항,20-3-11 17:00,11.3,5.1
138,포항,20-3-11 18:00,10.4,2.9
138,포항,20-3-11 19:00,8.7,2.8
138,포항,20-3-11 20:00,7.7,2
138,포항,20-3-11 21:00,6.4,1.5
138,포항,20-3-11 22:00,6.3,3.2
138,포항,20-3-11 23:00,5.6,2.5
138,포항,20-3-12 0:00,5.2,2.6
138,포항,20-3-12 1:00,5,3.9
138,포항,20-3-12 2:00,4.4,3.1
138,포항,20-3-12 3:00,4.4,4.4
138,포항,20-3-12 4:00,3.9,4.4
138,포항,20-3-12 5:00,3.9,4.2
138,포항,20-3-12 6:00,3.7,4.4
138,포항,20-3-12 7:00,3.4,4.5
138,포항,20-3-12 8:00,4.3,4.7
138,포항,20-3-12 9:00,6.3,4.4
138,포항,20-3-12 10:00,8.7,4.6
138,포항,20-3-12 11:00,11,2.8
138,포항,20-3-12 12:00,13.2,3.9
138,포항,20-3-12 13:00,15.3,4
138,포항,20-3-12 14:00,15.7,3.8
138,포항,20-3-12 15:00,16.7,3.7
138,포항,20-3-12 16:00,17.3,3.3
138,포항,20-3-12 17:00,16.9,3.3
138,포항,20-3-12 18:00,15.8,3.3
138,포항,20-3-12 19:00,14.5,2.6
138,포항,20-3-12 20:00,13.1,2.3
138,포항,20-3-12 21:00,11.9,1.6
138,포항,20-3-12 22:00,11.4,2.1
138,포항,20-3-12 23:00,10.5,1.6
138,포항,20-3-13 0:00,10.2,2.1
138,포항,20-3-13 1:00,10,3.2
138,포항,20-3-13 2:00,9.8,2.8
138,포항,20-3-13 3:00,9.4,2.4
138,포항,20-3-13 4:00,8.8,3.2
138,포항,20-3-13 5:00,8.5,3.5
138,포항,20-3-13 6:00,7.8,2.5
138,포항,20-3-13 7:00,7.5,1.3
138,포항,20-3-13 8:00,7.9,1.9
138,포항,20-3-13 9:00,8.8,3.5
138,포항,20-3-13 10:00,10.2,2.8
138,포항,20-3-13 11:00,11.8,2.3
138,포항,20-3-13 12:00,13.3,4
138,포항,20-3-13 13:00,15.6,3.1
138,포항,20-3-13 14:00,16.3,3.1
138,포항,20-3-13 15:00,16.5,2.8
138,포항,20-3-13 16:00,14.5,1.8
138,포항,20-3-13 17:00,14.1,1.5
138,포항,20-3-13 18:00,13.4,1.5
138,포항,20-3-13 19:00,11,3.3
138,포항,20-3-13 20:00,10,3.6
138,포항,20-3-13 21:00,9.2,2.8
138,포항,20-3-13 22:00,8.4,2.1
138,포항,20-3-13 23:00,7.5,1.8
138,포항,20-3-14 0:00,6.6,1.5
138,포항,20-3-14 1:00,5.6,1.4
138,포항,20-3-14 2:00,5.9,1.6
138,포항,20-3-14 3:00,5.8,1.3
138,포항,20-3-14 4:00,5.2,2.2
138,포항,20-3-14 5:00,4.6,2.7
138,포항,20-3-14 6:00,4.1,3.4
138,포항,20-3-14 7:00,3.4,2.5
138,포항,20-3-14 8:00,3.5,3.7
138,포항,20-3-14 9:00,4.9,4.3
138,포항,20-3-14 10:00,6.7,3.9
138,포항,20-3-14 11:00,8,4.4
138,포항,20-3-14 12:00,8.6,4.6
138,포항,20-3-14 13:00,10.2,4.7
138,포항,20-3-14 14:00,10.8,3.9
138,포항,20-3-14 15:00,11.7,4.3
138,포항,20-3-14 16:00,11.6,4.1
138,포항,20-3-14 17:00,11.6,4
138,포항,20-3-14 18:00,10.6,3.6
138,포항,20-3-14 19:00,9.5,1.9
138,포항,20-3-14 20:00,8.7,1.6
138,포항,20-3-14 21:00,8.1,2.1
138,포항,20-3-14 22:00,7.9,3.3
138,포항,20-3-14 23:00,7.2,3.1
138,포항,20-3-15 0:00,6.6,3
138,포항,20-3-15 1:00,6.1,2.7
138,포항,20-3-15 2:00,5.6,1.9
138,포항,20-3-15 3:00,5.3,1.8
138,포항,20-3-15 4:00,5,1.3
138,포항,20-3-15 5:00,5.5,3.5
138,포항,20-3-15 6:00,5.3,4.6
138,포항,20-3-15 7:00,4.9,4.2
138,포항,20-3-15 8:00,5.9,2.5
138,포항,20-3-15 9:00,7.5,2.9
138,포항,20-3-15 10:00,8.7,3.9
138,포항,20-3-15 11:00,10.1,4.8
138,포항,20-3-15 12:00,11.2,5.3
138,포항,20-3-15 13:00,12.8,4.3
138,포항,20-3-15 14:00,12.3,6.3
138,포항,20-3-15 15:00,12.9,5.5
138,포항,20-3-15 16:00,11.8,6.8
138,포항,20-3-15 17:00,11.5,4.8
138,포항,20-3-15 18:00,10.2,5.2
138,포항,20-3-15 19:00,7.7,4
138,포항,20-3-15 20:00,6.7,3.2
138,포항,20-3-15 21:00,5.8,3.3
138,포항,20-3-15 22:00,4.9,3.6
138,포항,20-3-15 23:00,3.8,4.3
138,포항,20-3-16 0:00,3.3,3.7
138,포항,20-3-16 1:00,2.8,2.9
138,포항,20-3-16 2:00,2.4,2.3
138,포항,20-3-16 3:00,2.3,2.1
138,포항,20-3-16 4:00,2.4,2.2
138,포항,20-3-16 5:00,2.2,2.5
138,포항,20-3-16 6:00,2,3.2
138,포항,20-3-16 7:00,1.9,2.4
138,포항,20-3-16 8:00,3.7,3.1
138,포항,20-3-16 9:00,6.4,2.4
138,포항,20-3-16 10:00,7.8,2.8
138,포항,20-3-16 11:00,8.9,3
138,포항,20-3-16 12:00,9.8,3.4
138,포항,20-3-16 13:00,8.4,3.3
138,포항,20-3-16 14:00,9,3
138,포항,20-3-16 15:00,9.6,2.4
138,포항,20-3-16 16:00,9.2,3.5
138,포항,20-3-16 17:00,9.9,3.7
138,포항,20-3-16 18:00,9.8,1.9
138,포항,20-3-16 19:00,8.7,3.7
138,포항,20-3-16 20:00,8.1,1.8
138,포항,20-3-16 21:00,7.7,2
138,포항,20-3-16 22:00,7.5,3
138,포항,20-3-16 23:00,6.8,1.5
138,포항,20-3-17 0:00,6.3,2.6
138,포항,20-3-17 1:00,6,2.3
138,포항,20-3-17 2:00,5.8,2.3
138,포항,20-3-17 3:00,5.6,2.8
138,포항,20-3-17 4:00,5.3,4.1
138,포항,20-3-17 5:00,5.1,3
138,포항,20-3-17 6:00,4.9,2.7
138,포항,20-3-17 7:00,4.7,2.4
138,포항,20-3-17 8:00,5.8,2.6
138,포항,20-3-17 9:00,7.3,4.2
138,포항,20-3-17 10:00,9.5,2.8
138,포항,20-3-17 11:00,12,3.3
138,포항,20-3-17 12:00,14.3,3
138,포항,20-3-17 13:00,16.1,3.9
138,포항,20-3-17 14:00,17.2,3.8
138,포항,20-3-17 15:00,13.5,5.8
138,포항,20-3-17 16:00,13,4.1
138,포항,20-3-17 17:00,12.9,2.7
138,포항,20-3-17 18:00,12.6,1.9
138,포항,20-3-17 19:00,11.9,2.3
138,포항,20-3-17 20:00,11.6,1.6
138,포항,20-3-17 21:00,10.9,1.2
138,포항,20-3-17 22:00,10.8,1.1
138,포항,20-3-17 23:00,11.8,2.7
138,포항,20-3-18 0:00,10.7,1.9
138,포항,20-3-18 1:00,10,1.5
138,포항,20-3-18 2:00,8.5,1.6
138,포항,20-3-18 3:00,8.4,2.2
138,포항,20-3-18 4:00,8,1.1
138,포항,20-3-18 5:00,7.2,2.5
138,포항,20-3-18 6:00,7.1,1.6
138,포항,20-3-18 7:00,6.7,1.9
138,포항,20-3-18 8:00,8.2,2.5
138,포항,20-3-18 9:00,10.7,3.8
138,포항,20-3-18 10:00,12.7,2.7
138,포항,20-3-18 11:00,14.1,3
138,포항,20-3-18 12:00,15.4,3
138,포항,20-3-18 13:00,16.6,3.3
138,포항,20-3-18 14:00,18,3.2
138,포항,20-3-18 15:00,18.9,3.2
138,포항,20-3-18 16:00,18,3.9
138,포항,20-3-18 17:00,17.1,2.9
138,포항,20-3-18 18:00,16,4.1
138,포항,20-3-18 19:00,15.6,2.9
138,포항,20-3-18 20:00,14.6,1.4
138,포항,20-3-18 21:00,13.3,2.4
138,포항,20-3-18 22:00,12.9,3.1
138,포항,20-3-18 23:00,12.1,3.2
138,포항,20-3-19 0:00,11.8,2.2
138,포항,20-3-19 1:00,11.9,3.6
138,포항,20-3-19 2:00,11.7,3.3
138,포항,20-3-19 3:00,11.5,2.6
138,포항,20-3-19 4:00,11.4,2.5
138,포항,20-3-19 5:00,11.3,2.1
138,포항,20-3-19 6:00,11.5,2.3
138,포항,20-3-19 7:00,11.7,1.7
138,포항,20-3-19 8:00,13.8,3.3
138,포항,20-3-19 9:00,16.4,3.4
138,포항,20-3-19 10:00,19.9,4.3
138,포항,20-3-19 11:00,20.7,6
138,포항,20-3-19 12:00,21,6
138,포항,20-3-19 13:00,20.4,7.4
138,포항,20-3-19 14:00,20.6,6.8
138,포항,20-3-19 15:00,19.2,7.3
138,포항,20-3-19 16:00,17.1,6.8
138,포항,20-3-19 17:00,14.2,6.7
138,포항,20-3-19 18:00,11.9,6.5
138,포항,20-3-19 19:00,10.5,5.4
138,포항,20-3-19 20:00,9.5,5.4
138,포항,20-3-19 21:00,8.6,5.8
138,포항,20-3-19 22:00,8.3,6.7
138,포항,20-3-19 23:00,7.9,4.8
138,포항,20-3-20 0:00,7.8,5
138,포항,20-3-20 1:00,7.6,4.6
138,포항,20-3-20 2:00,7.4,3.4
138,포항,20-3-20 3:00,7.3,3.7
138,포항,20-3-20 4:00,7.3,4.7
138,포항,20-3-20 5:00,7.4,4.4
138,포항,20-3-20 6:00,7.2,2.6
138,포항,20-3-20 7:00,7,4.2
138,포항,20-3-20 8:00,8.4,3.9
138,포항,20-3-20 9:00,10.1,3.9
138,포항,20-3-20 10:00,11.8,2.3
138,포항,20-3-20 11:00,13.9,3.4
138,포항,20-3-20 12:00,14.9,3.8
138,포항,20-3-20 13:00,15.9,4
138,포항,20-3-20 14:00,17.3,4
138,포항,20-3-20 15:00,17.6,4.8
138,포항,20-3-20 16:00,18.2,3.4
138,포항,20-3-20 17:00,18.1,2.7
138,포항,20-3-20 18:00,17.4,3.1
138,포항,20-3-20 19:00,16.2,1.9
138,포항,20-3-20 20:00,15.1,1.8
138,포항,20-3-20 21:00,14.2,1.8
138,포항,20-3-20 22:00,12.9,1.8
138,포항,20-3-20 23:00,11.7,0.9
138,포항,20-3-21 0:00,10.9,1.6
138,포항,20-3-21 1:00,10.7,2
138,포항,20-3-21 2:00,11,3.6
138,포항,20-3-21 3:00,10.1,1.9
138,포항,20-3-21 4:00,10.2,2.8
138,포항,20-3-21 5:00,10.3,2.5
138,포항,20-3-21 6:00,10,1.9
138,포항,20-3-21 7:00,9.8,1.6
138,포항,20-3-21 8:00,11.1,2.1
138,포항,20-3-21 9:00,13.2,2.2
138,포항,20-3-21 10:00,15.2,3.8
138,포항,20-3-21 11:00,17.3,4.1
138,포항,20-3-21 12:00,19,3.9
138,포항,20-3-21 13:00,21.3,2.8
138,포항,20-3-21 14:00,22.8,2
138,포항,20-3-21 15:00,23.7,2.3
138,포항,20-3-21 16:00,22.8,1.6
138,포항,20-3-21 17:00,21.4,1.4
138,포항,20-3-21 18:00,21.1,1.6
138,포항,20-3-21 19:00,21.7,3.3
138,포항,20-3-21 20:00,20.4,3.1
138,포항,20-3-21 21:00,19.5,4.1
138,포항,20-3-21 22:00,18.5,4.3
138,포항,20-3-21 23:00,17.8,3.4
138,포항,20-3-22 0:00,17.8,4
138,포항,20-3-22 1:00,17.5,3.6
138,포항,20-3-22 2:00,17.5,4.1
138,포항,20-3-22 3:00,14.5,2
138,포항,20-3-22 4:00,13.1,1.7
138,포항,20-3-22 5:00,12.1,1.3
138,포항,20-3-22 6:00,11.7,0.9
138,포항,20-3-22 7:00,11.5,0.8
138,포항,20-3-22 8:00,12.3,3.6
138,포항,20-3-22 9:00,12.4,4.3
138,포항,20-3-22 10:00,12.2,4.4
138,포항,20-3-22 11:00,12.4,4.4
138,포항,20-3-22 12:00,12.8,5.4
138,포항,20-3-22 13:00,12.1,5.7
138,포항,20-3-22 14:00,12.1,5.7
138,포항,20-3-22 15:00,12,5.1
138,포항,20-3-22 16:00,11.9,4.4
138,포항,20-3-22 17:00,11.6,3.3
138,포항,20-3-22 18:00,11,3
138,포항,20-3-22 19:00,10.8,2.7
138,포항,20-3-22 20:00,10.7,2.3
138,포항,20-3-22 21:00,10.5,2.2
138,포항,20-3-22 22:00,10.1,1.4
138,포항,20-3-22 23:00,9.8,0.9
138,포항,20-3-23 0:00,8.9,1.1
138,포항,20-3-23 1:00,8.3,1
138,포항,20-3-23 2:00,7.2,0.1
138,포항,20-3-23 3:00,7,1.5
138,포항,20-3-23 4:00,6.4,2.2
138,포항,20-3-23 5:00,6.1,2.2
138,포항,20-3-23 6:00,5.8,1.9
138,포항,20-3-23 7:00,5.7,1.6
138,포항,20-3-23 8:00,7.5,2.8
138,포항,20-3-23 9:00,10.6,2.4
138,포항,20-3-23 10:00,14.9,2.4
138,포항,20-3-23 11:00,17.5,3
138,포항,20-3-23 12:00,19.1,2.1
138,포항,20-3-23 13:00,19.6,3.6
138,포항,20-3-23 14:00,19.2,3.1
138,포항,20-3-23 15:00,19.2,4.3
138,포항,20-3-23 16:00,16.3,4.1
138,포항,20-3-23 17:00,14.7,4.1
138,포항,20-3-23 18:00,13.1,4.8
138,포항,20-3-23 19:00,11.9,3.8
138,포항,20-3-23 20:00,11.8,4.7
138,포항,20-3-23 21:00,11.5,4.7
138,포항,20-3-23 22:00,11.2,4.7
138,포항,20-3-23 23:00,10.9,2.3
138,포항,20-3-24 0:00,10.9,2.9
138,포항,20-3-24 1:00,9.1,1.8
138,포항,20-3-24 2:00,8.9,1.3
138,포항,20-3-24 3:00,8,1
138,포항,20-3-24 4:00,7.3,0.7
138,포항,20-3-24 5:00,6.6,0.6
138,포항,20-3-24 6:00,6.2,1.1
138,포항,20-3-24 7:00,6.5,1.3
138,포항,20-3-24 8:00,8,1.1
138,포항,20-3-24 9:00,11.2,1.4
138,포항,20-3-24 10:00,12.8,1.9
138,포항,20-3-24 11:00,12.9,3.4
138,포항,20-3-24 12:00,12.9,4.6
138,포항,20-3-24 13:00,13.6,4.9
138,포항,20-3-24 14:00,14.9,4.3
138,포항,20-3-24 15:00,14.4,4.3
138,포항,20-3-24 16:00,13.8,4.7
138,포항,20-3-24 17:00,13.3,4.3
138,포항,20-3-24 18:00,12.5,4.2
138,포항,20-3-24 19:00,11.8,3.7
138,포항,20-3-24 20:00,11.5,3.1
138,포항,20-3-24 21:00,11.5,3.7
138,포항,20-3-24 22:00,10.6,1.6
138,포항,20-3-24 23:00,10.2,1.6
138,포항,20-3-25 0:00,9.4,1.2
138,포항,20-3-25 1:00,8.4,1.5
138,포항,20-3-25 2:00,7.8,1.5
138,포항,20-3-25 3:00,7.3,1.9
138,포항,20-3-25 4:00,6.8,1.5
138,포항,20-3-25 5:00,6.1,2.3
138,포항,20-3-25 6:00,5.9,2.2
138,포항,20-3-25 7:00,5.9,1.8
138,포항,20-3-25 8:00,7.7,2
138,포항,20-3-25 9:00,11,2.7
138,포항,20-3-25 10:00,13.6,3
138,포항,20-3-25 11:00,16,3
138,포항,20-3-25 12:00,18,3.3
138,포항,20-3-25 13:00,18.5,2.2
138,포항,20-3-25 14:00,18.7,4.5
138,포항,20-3-25 15:00,18.3,5.2
138,포항,20-3-25 16:00,18,5
138,포항,20-3-25 17:00,17.8,3.8
138,포항,20-3-25 18:00,17,4.5
138,포항,20-3-25 19:00,15.5,2.6
138,포항,20-3-25 20:00,14.7,1.1
138,포항,20-3-25 21:00,13.3,0.7
138,포항,20-3-25 22:00,13.9,1.9
138,포항,20-3-25 23:00,13.6,1.5
138,포항,20-3-26 0:00,13.1,2.1
138,포항,20-3-26 1:00,12.6,1
138,포항,20-3-26 2:00,12.1,1.5
138,포항,20-3-26 3:00,11.7,1.3
138,포항,20-3-26 4:00,11.3,1.2
138,포항,20-3-26 5:00,11.6,1.9
138,포항,20-3-26 6:00,11.7,1.1
138,포항,20-3-26 7:00,11.3,0.5
138,포항,20-3-26 8:00,12.8,1.3
138,포항,20-3-26 9:00,15,1.8
138,포항,20-3-26 10:00,16.2,2.3
138,포항,20-3-26 11:00,17.9,3.6
138,포항,20-3-26 12:00,18.8,3.9
138,포항,20-3-26 13:00,19.1,3.4
138,포항,20-3-26 14:00,18.4,3.5
138,포항,20-3-26 15:00,17.5,3.6
138,포항,20-3-26 16:00,17.5,2.7
138,포항,20-3-26 17:00,17.3,2.5
138,포항,20-3-26 18:00,16.8,1.7
138,포항,20-3-26 19:00,16.5,1.7
138,포항,20-3-26 20:00,15.8,0.6
138,포항,20-3-26 21:00,15.5,0.7
138,포항,20-3-26 22:00,15.5,1.1
138,포항,20-3-26 23:00,15.5,0.8
138,포항,20-3-27 0:00,15.3,1.4
138,포항,20-3-27 1:00,15.1,0.3
138,포항,20-3-27 2:00,15.4,1.5
138,포항,20-3-27 3:00,15.7,2.1
138,포항,20-3-27 4:00,16,1.4
138,포항,20-3-27 5:00,16.2,1.7
138,포항,20-3-27 6:00,16.4,2
138,포항,20-3-27 7:00,16.3,1.9
138,포항,20-3-27 8:00,16.7,1.5
138,포항,20-3-27 9:00,17,1.5
138,포항,20-3-27 10:00,15.1,2.9
138,포항,20-3-27 11:00,13.5,2.8
138,포항,20-3-27 12:00,13.4,2.2
138,포항,20-3-27 13:00,13.6,2.8
138,포항,20-3-27 14:00,12.6,3.4
138,포항,20-3-27 15:00,11.6,3.7
138,포항,20-3-27 16:00,11.2,3
138,포항,20-3-27 17:00,10.7,3.1
138,포항,20-3-27 18:00,10.4,3.7
138,포항,20-3-27 19:00,10.1,3.7
138,포항,20-3-27 20:00,9.9,3.8
138,포항,20-3-27 21:00,9.3,3.5
138,포항,20-3-27 22:00,9.5,3.5
138,포항,20-3-27 23:00,9,1.6
138,포항,20-3-28 0:00,8.7,1.5
138,포항,20-3-28 1:00,8.6,1.3
138,포항,20-3-28 2:00,8.2,1.1
138,포항,20-3-28 3:00,7.8,1.4
138,포항,20-3-28 4:00,8.4,1.6
138,포항,20-3-28 5:00,8.4,0.7
138,포항,20-3-28 6:00,7.9,2.1
138,포항,20-3-28 7:00,7.9,1.3
138,포항,20-3-28 8:00,8,2.1
138,포항,20-3-28 9:00,8.3,1.3
138,포항,20-3-28 10:00,9.4,3.4
138,포항,20-3-28 11:00,10.4,5
138,포항,20-3-28 12:00,10.2,4.7
138,포항,20-3-28 13:00,10,5.2
138,포항,20-3-28 14:00,10,4.9
138,포항,20-3-28 15:00,9.8,4.4
138,포항,20-3-28 16:00,9.7,3.7
138,포항,20-3-28 17:00,9.5,4.1
138,포항,20-3-28 18:00,9.2,3.8
138,포항,20-3-28 19:00,8.8,3.5
138,포항,20-3-28 20:00,8.7,3.8
138,포항,20-3-28 21:00,8.8,3.1
138,포항,20-3-28 22:00,7.4,2
138,포항,20-3-28 23:00,7.2,1.9
138,포항,20-3-29 0:00,7.3,1.8
138,포항,20-3-29 1:00,7.4,2.1
138,포항,20-3-29 2:00,7.5,1.8
138,포항,20-3-29 3:00,7,2.1
138,포항,20-3-29 4:00,6.6,2
138,포항,20-3-29 5:00,6.1,1.2
138,포항,20-3-29 6:00,5.8,1.4
138,포항,20-3-29 7:00,5.8,1
138,포항,20-3-29 8:00,7.6,2.2
138,포항,20-3-29 9:00,8.4,1.8
138,포항,20-3-29 10:00,9.8,2.6
138,포항,20-3-29 11:00,9.5,2.3
138,포항,20-3-29 12:00,10.7,2.5
138,포항,20-3-29 13:00,11.3,3.5
138,포항,20-3-29 14:00,10.6,4.4
138,포항,20-3-29 15:00,11.5,3.1
138,포항,20-3-29 16:00,10.5,2.6
138,포항,20-3-29 17:00,10,4.1
138,포항,20-3-29 18:00,9.6,2.6
138,포항,20-3-29 19:00,9.5,2.9
138,포항,20-3-29 20:00,9.4,2.4
138,포항,20-3-29 21:00,9.3,1.6
138,포항,20-3-29 22:00,9.2,2.2
138,포항,20-3-29 23:00,8.9,2.1
138,포항,20-3-30 0:00,8.2,1.3
138,포항,20-3-30 1:00,7.9,0.7
138,포항,20-3-30 2:00,7.6,0.8
138,포항,20-3-30 3:00,7.5,1.2
138,포항,20-3-30 4:00,7.2,1.2
138,포항,20-3-30 5:00,7,1.1
138,포항,20-3-30 6:00,6.7,1.9
138,포항,20-3-30 7:00,6.8,1.2
138,포항,20-3-30 8:00,8,1.1
138,포항,20-3-30 9:00,9.7,1.4
138,포항,20-3-30 10:00,11.4,2.1
138,포항,20-3-30 11:00,12.8,2.1
138,포항,20-3-30 12:00,13.7,2.5
138,포항,20-3-30 13:00,14,3.9
138,포항,20-3-30 14:00,14.5,4
138,포항,20-3-30 15:00,14.9,4.3
138,포항,20-3-30 16:00,14.7,4.4
138,포항,20-3-30 17:00,14.2,3.9
138,포항,20-3-30 18:00,13,3.8
138,포항,20-3-30 19:00,12.1,3.4
138,포항,20-3-30 20:00,11.5,2.2
138,포항,20-3-30 21:00,11.2,2.2
138,포항,20-3-30 22:00,10.9,1.3
138,포항,20-3-30 23:00,9.9,1
138,포항,20-3-31 0:00,9.2,0.8
138,포항,20-3-31 1:00,8.8,1.3
138,포항,20-3-31 2:00,8.2,0.9
138,포항,20-3-31 3:00,7.6,1.5
138,포항,20-3-31 4:00,7.3,1.6
138,포항,20-3-31 5:00,6.8,1.6
138,포항,20-3-31 6:00,6.6,1.6
138,포항,20-3-31 7:00,6.7,1.3
138,포항,20-3-31 8:00,8.3,1.3
138,포항,20-3-31 9:00,11.3,1.1
138,포항,20-3-31 10:00,13.3,1.5
138,포항,20-3-31 11:00,13.5,3.4
138,포항,20-3-31 12:00,13.9,4.3
138,포항,20-3-31 13:00,14.4,4.4
138,포항,20-3-31 14:00,15.2,4.2
138,포항,20-3-31 15:00,15.6,4.3
138,포항,20-3-31 16:00,16.1,2.9
138,포항,20-3-31 17:00,15.8,3.3
138,포항,20-3-31 18:00,14.3,3.8
138,포항,20-3-31 19:00,13.2,2.6
138,포항,20-3-31 20:00,12.6,2.1
138,포항,20-3-31 21:00,12.2,0.7
138,포항,20-3-31 22:00,11.3,0.7
138,포항,20-3-31 23:00,10.5,0.7
138,포항,20-4-1 0:00,9.7,0.1
138,포항,20-4-1 1:00,10.4,1.8
138,포항,20-4-1 2:00,10.3,0.7
138,포항,20-4-1 3:00,10.5,1.6
138,포항,20-4-1 4:00,10.3,2.2
138,포항,20-4-1 5:00,10.4,1.3
138,포항,20-4-1 6:00,10.3,0.3
138,포항,20-4-1 7:00,11.1,2.1
138,포항,20-4-1 8:00,13.2,3.2
138,포항,20-4-1 9:00,12.7,2.2
138,포항,20-4-1 10:00,13.4,1.7
138,포항,20-4-1 11:00,14.7,3.9
138,포항,20-4-1 12:00,14.8,3.8
138,포항,20-4-1 13:00,15,4.2
138,포항,20-4-1 14:00,14.7,4.1
138,포항,20-4-1 15:00,15.8,3.5
138,포항,20-4-1 16:00,15.1,4.1
138,포항,20-4-1 17:00,13.3,4.6
138,포항,20-4-1 18:00,13,4.5
138,포항,20-4-1 19:00,12.5,4.1
138,포항,20-4-1 20:00,11.5,5.1
138,포항,20-4-1 21:00,10.5,5.3
138,포항,20-4-1 22:00,8.4,4.7
138,포항,20-4-1 23:00,7.6,3.7
138,포항,20-4-2 0:00,7.3,2.6
138,포항,20-4-2 1:00,7.5,1.7
138,포항,20-4-2 2:00,6.9,0.9
138,포항,20-4-2 3:00,6.4,1.5
138,포항,20-4-2 4:00,5.9,2.3
138,포항,20-4-2 5:00,6.1,2.6
138,포항,20-4-2 6:00,5.8,2.3
138,포항,20-4-2 7:00,5.6,2.8
138,포항,20-4-2 8:00,7.5,3.5
138,포항,20-4-2 9:00,10,2.5
138,포항,20-4-2 10:00,12.8,2.6
138,포항,20-4-2 11:00,14.5,2.7
138,포항,20-4-2 12:00,15.4,2.8
